,year,region_x,indicator,value,x_x,y_x,region_y,driving_licenses,x_y,y_y
0,2016,Makkah,No. of Casualties - Injured,12383,21.628962766, 41.2636898334,Al-Baha,4614,27.400845724, 41.4406960508
1,2016,Makkah,No. of Casualties - Injured,12383,21.628962766, 41.2636898334,Northern Boarder,4958,,
2,2016,Makkah,No. of Casualties - Injured,12383,21.628962766, 41.2636898334,Najran,2153,,
3,2016,Makkah,No. of Casualties - Injured,12383,21.628962766, 41.2636898334,Makkah,136055,,
4,2016,Makkah,No. of Casualties - Injured,12383,21.628962766, 41.2636898334,Madinah,24540,,
5,2016,Makkah,No. of Casualties - Injured,12383,21.628962766, 41.2636898334,Al-Qaseem,9180,,
6,2016,Makkah,No. of Casualties - Injured,12383,21.628962766, 41.2636898334,Hail,54507,,
7,2016,Makkah,No. of Casualties - Injured,12383,21.628962766, 41.2636898334,Eastern,142307,,
8,2016,Makkah,No. of Casualties - Injured,12383,21.628962766, 41.2636898334,Assir,41367,,
9,2016,Makkah,No. of Casualties - Injured,12383,21.628962766, 41.2636898334,Jazan,11504,,
10,2016,Makkah,No. of Casualties - Injured,12383,21.628962766, 41.2636898334,Riyadh,242851,,
11,2016,Makkah,No. of Casualties - Injured,12383,21.628962766, 41.2636898334,Al-Jouf,9371,,
12,2016,Makkah,No. of Casualties - Injured,12383,21.628962766, 41.2636898334,Tabouk,13610,,
13,2016,Eastern Region,No. of Casualties - Dead,1113,23.2883307307, 50.1478302439,Al-Baha,4614,27.400845724, 41.4406960508
14,2016,Eastern Region,No. of Casualties - Dead,1113,23.2883307307, 50.1478302439,Northern Boarder,4958,,
15,2016,Eastern Region,No. of Casualties - Dead,1113,23.2883307307, 50.1478302439,Najran,2153,,
16,2016,Eastern Region,No. of Casualties - Dead,1113,23.2883307307, 50.1478302439,Makkah,136055,,
17,2016,Eastern Region,No. of Casualties - Dead,1113,23.2883307307, 50.1478302439,Madinah,24540,,
18,2016,Eastern Region,No. of Casualties - Dead,1113,23.2883307307, 50.1478302439,Al-Qaseem,9180,,
19,2016,Eastern Region,No. of Casualties - Dead,1113,23.2883307307, 50.1478302439,Hail,54507,,
20,2016,Eastern Region,No. of Casualties - Dead,1113,23.2883307307, 50.1478302439,Eastern,142307,,
21,2016,Eastern Region,No. of Casualties - Dead,1113,23.2883307307, 50.1478302439,Assir,41367,,
22,2016,Eastern Region,No. of Casualties - Dead,1113,23.2883307307, 50.1478302439,Jazan,11504,,
23,2016,Eastern Region,No. of Casualties - Dead,1113,23.2883307307, 50.1478302439,Riyadh,242851,,
24,2016,Eastern Region,No. of Casualties - Dead,1113,23.2883307307, 50.1478302439,Al-Jouf,9371,,
25,2016,Eastern Region,No. of Casualties - Dead,1113,23.2883307307, 50.1478302439,Tabouk,13610,,
26,2016,Tabouk,No. of Casualties - Dead,434,27.90165499, 37.2598581394,Al-Baha,4614,27.400845724, 41.4406960508
27,2016,Tabouk,No. of Casualties - Dead,434,27.90165499, 37.2598581394,Northern Boarder,4958,,
28,2016,Tabouk,No. of Casualties - Dead,434,27.90165499, 37.2598581394,Najran,2153,,
29,2016,Tabouk,No. of Casualties - Dead,434,27.90165499, 37.2598581394,Makkah,136055,,
30,2016,Tabouk,No. of Casualties - Dead,434,27.90165499, 37.2598581394,Madinah,24540,,
31,2016,Tabouk,No. of Casualties - Dead,434,27.90165499, 37.2598581394,Al-Qaseem,9180,,
32,2016,Tabouk,No. of Casualties - Dead,434,27.90165499, 37.2598581394,Hail,54507,,
33,2016,Tabouk,No. of Casualties - Dead,434,27.90165499, 37.2598581394,Eastern,142307,,
34,2016,Tabouk,No. of Casualties - Dead,434,27.90165499, 37.2598581394,Assir,41367,,
35,2016,Tabouk,No. of Casualties - Dead,434,27.90165499, 37.2598581394,Jazan,11504,,
36,2016,Tabouk,No. of Casualties - Dead,434,27.90165499, 37.2598581394,Riyadh,242851,,
37,2016,Tabouk,No. of Casualties - Dead,434,27.90165499, 37.2598581394,Al-Jouf,9371,,
38,2016,Tabouk,No. of Casualties - Dead,434,27.90165499, 37.2598581394,Tabouk,13610,,
39,2016,Hail,No. of Casualties - Dead,299,27.400845724, 41.4406960508,Al-Baha,4614,27.400845724, 41.4406960508
40,2016,Hail,No. of Casualties - Dead,299,27.400845724, 41.4406960508,Northern Boarder,4958,,
41,2016,Hail,No. of Casualties - Dead,299,27.400845724, 41.4406960508,Najran,2153,,
42,2016,Hail,No. of Casualties - Dead,299,27.400845724, 41.4406960508,Makkah,136055,,
43,2016,Hail,No. of Casualties - Dead,299,27.400845724, 41.4406960508,Madinah,24540,,
44,2016,Hail,No. of Casualties - Dead,299,27.400845724, 41.4406960508,Al-Qaseem,9180,,
45,2016,Hail,No. of Casualties - Dead,299,27.400845724, 41.4406960508,Hail,54507,,
46,2016,Hail,No. of Casualties - Dead,299,27.400845724, 41.4406960508,Eastern,142307,,
47,2016,Hail,No. of Casualties - Dead,299,27.400845724, 41.4406960508,Assir,41367,,
48,2016,Hail,No. of Casualties - Dead,299,27.400845724, 41.4406960508,Jazan,11504,,
49,2016,Hail,No. of Casualties - Dead,299,27.400845724, 41.4406960508,Riyadh,242851,,
50,2016,Hail,No. of Casualties - Dead,299,27.400845724, 41.4406960508,Al-Jouf,9371,,
51,2016,Hail,No. of Casualties - Dead,299,27.400845724, 41.4406960508,Tabouk,13610,,
52,2016,Hail,No. of Accidents,10199,27.400845724, 41.4406960508,Al-Baha,4614,27.400845724, 41.4406960508
53,2016,Hail,No. of Accidents,10199,27.400845724, 41.4406960508,Northern Boarder,4958,,
54,2016,Hail,No. of Accidents,10199,27.400845724, 41.4406960508,Najran,2153,,
55,2016,Hail,No. of Accidents,10199,27.400845724, 41.4406960508,Makkah,136055,,
56,2016,Hail,No. of Accidents,10199,27.400845724, 41.4406960508,Madinah,24540,,
57,2016,Hail,No. of Accidents,10199,27.400845724, 41.4406960508,Al-Qaseem,9180,,
58,2016,Hail,No. of Accidents,10199,27.400845724, 41.4406960508,Hail,54507,,
59,2016,Hail,No. of Accidents,10199,27.400845724, 41.4406960508,Eastern,142307,,
60,2016,Hail,No. of Accidents,10199,27.400845724, 41.4406960508,Assir,41367,,
61,2016,Hail,No. of Accidents,10199,27.400845724, 41.4406960508,Jazan,11504,,
62,2016,Hail,No. of Accidents,10199,27.400845724, 41.4406960508,Riyadh,242851,,
63,2016,Hail,No. of Accidents,10199,27.400845724, 41.4406960508,Al-Jouf,9371,,
64,2016,Hail,No. of Accidents,10199,27.400845724, 41.4406960508,Tabouk,13610,,
65,2016,Northern Boarder,No. of Casualties - Dead,193,30.197074783, 41.8171186952,Al-Baha,4614,27.400845724, 41.4406960508
66,2016,Northern Boarder,No. of Casualties - Dead,193,30.197074783, 41.8171186952,Northern Boarder,4958,,
67,2016,Northern Boarder,No. of Casualties - Dead,193,30.197074783, 41.8171186952,Najran,2153,,
68,2016,Northern Boarder,No. of Casualties - Dead,193,30.197074783, 41.8171186952,Makkah,136055,,
69,2016,Northern Boarder,No. of Casualties - Dead,193,30.197074783, 41.8171186952,Madinah,24540,,
70,2016,Northern Boarder,No. of Casualties - Dead,193,30.197074783, 41.8171186952,Al-Qaseem,9180,,
71,2016,Northern Boarder,No. of Casualties - Dead,193,30.197074783, 41.8171186952,Hail,54507,,
72,2016,Northern Boarder,No. of Casualties - Dead,193,30.197074783, 41.8171186952,Eastern,142307,,
73,2016,Northern Boarder,No. of Casualties - Dead,193,30.197074783, 41.8171186952,Assir,41367,,
74,2016,Northern Boarder,No. of Casualties - Dead,193,30.197074783, 41.8171186952,Jazan,11504,,
75,2016,Northern Boarder,No. of Casualties - Dead,193,30.197074783, 41.8171186952,Riyadh,242851,,
76,2016,Northern Boarder,No. of Casualties - Dead,193,30.197074783, 41.8171186952,Al-Jouf,9371,,
77,2016,Northern Boarder,No. of Casualties - Dead,193,30.197074783, 41.8171186952,Tabouk,13610,,
78,2016,Northern Boarder,No. of Casualties - Injured,631,30.197074783, 41.8171186952,Al-Baha,4614,27.400845724, 41.4406960508
79,2016,Northern Boarder,No. of Casualties - Injured,631,30.197074783, 41.8171186952,Northern Boarder,4958,,
80,2016,Northern Boarder,No. of Casualties - Injured,631,30.197074783, 41.8171186952,Najran,2153,,
81,2016,Northern Boarder,No. of Casualties - Injured,631,30.197074783, 41.8171186952,Makkah,136055,,
82,2016,Northern Boarder,No. of Casualties - Injured,631,30.197074783, 41.8171186952,Madinah,24540,,
83,2016,Northern Boarder,No. of Casualties - Injured,631,30.197074783, 41.8171186952,Al-Qaseem,9180,,
84,2016,Northern Boarder,No. of Casualties - Injured,631,30.197074783, 41.8171186952,Hail,54507,,
85,2016,Northern Boarder,No. of Casualties - Injured,631,30.197074783, 41.8171186952,Eastern,142307,,
86,2016,Northern Boarder,No. of Casualties - Injured,631,30.197074783, 41.8171186952,Assir,41367,,
87,2016,Northern Boarder,No. of Casualties - Injured,631,30.197074783, 41.8171186952,Jazan,11504,,
88,2016,Northern Boarder,No. of Casualties - Injured,631,30.197074783, 41.8171186952,Riyadh,242851,,
89,2016,Northern Boarder,No. of Casualties - Injured,631,30.197074783, 41.8171186952,Al-Jouf,9371,,
90,2016,Northern Boarder,No. of Casualties - Injured,631,30.197074783, 41.8171186952,Tabouk,13610,,
91,2016,Jazan,No. of Casualties - Dead,514,17.2072313962, 42.6525807422,Al-Baha,4614,27.400845724, 41.4406960508
92,2016,Jazan,No. of Casualties - Dead,514,17.2072313962, 42.6525807422,Northern Boarder,4958,,
93,2016,Jazan,No. of Casualties - Dead,514,17.2072313962, 42.6525807422,Najran,2153,,
94,2016,Jazan,No. of Casualties - Dead,514,17.2072313962, 42.6525807422,Makkah,136055,,
95,2016,Jazan,No. of Casualties - Dead,514,17.2072313962, 42.6525807422,Madinah,24540,,
96,2016,Jazan,No. of Casualties - Dead,514,17.2072313962, 42.6525807422,Al-Qaseem,9180,,
97,2016,Jazan,No. of Casualties - Dead,514,17.2072313962, 42.6525807422,Hail,54507,,
98,2016,Jazan,No. of Casualties - Dead,514,17.2072313962, 42.6525807422,Eastern,142307,,
99,2016,Jazan,No. of Casualties - Dead,514,17.2072313962, 42.6525807422,Assir,41367,,
100,2016,Jazan,No. of Casualties - Dead,514,17.2072313962, 42.6525807422,Jazan,11504,,
101,2016,Jazan,No. of Casualties - Dead,514,17.2072313962, 42.6525807422,Riyadh,242851,,
102,2016,Jazan,No. of Casualties - Dead,514,17.2072313962, 42.6525807422,Al-Jouf,9371,,
103,2016,Jazan,No. of Casualties - Dead,514,17.2072313962, 42.6525807422,Tabouk,13610,,
104,2016,Al-Baaha,No. of Casualties - Injured,1227,20.1484058503, 41.4665484892,Al-Baha,4614,27.400845724, 41.4406960508
105,2016,Al-Baaha,No. of Casualties - Injured,1227,20.1484058503, 41.4665484892,Northern Boarder,4958,,
106,2016,Al-Baaha,No. of Casualties - Injured,1227,20.1484058503, 41.4665484892,Najran,2153,,
107,2016,Al-Baaha,No. of Casualties - Injured,1227,20.1484058503, 41.4665484892,Makkah,136055,,
108,2016,Al-Baaha,No. of Casualties - Injured,1227,20.1484058503, 41.4665484892,Madinah,24540,,
109,2016,Al-Baaha,No. of Casualties - Injured,1227,20.1484058503, 41.4665484892,Al-Qaseem,9180,,
110,2016,Al-Baaha,No. of Casualties - Injured,1227,20.1484058503, 41.4665484892,Hail,54507,,
111,2016,Al-Baaha,No. of Casualties - Injured,1227,20.1484058503, 41.4665484892,Eastern,142307,,
112,2016,Al-Baaha,No. of Casualties - Injured,1227,20.1484058503, 41.4665484892,Assir,41367,,
113,2016,Al-Baaha,No. of Casualties - Injured,1227,20.1484058503, 41.4665484892,Jazan,11504,,
114,2016,Al-Baaha,No. of Casualties - Injured,1227,20.1484058503, 41.4665484892,Riyadh,242851,,
115,2016,Al-Baaha,No. of Casualties - Injured,1227,20.1484058503, 41.4665484892,Al-Jouf,9371,,
116,2016,Al-Baaha,No. of Casualties - Injured,1227,20.1484058503, 41.4665484892,Tabouk,13610,,
117,2016,Al-Jouf,No. of Casualties - Injured,920,29.9677445762, 39.5570371172,Al-Baha,4614,27.400845724, 41.4406960508
118,2016,Al-Jouf,No. of Casualties - Injured,920,29.9677445762, 39.5570371172,Northern Boarder,4958,,
119,2016,Al-Jouf,No. of Casualties - Injured,920,29.9677445762, 39.5570371172,Najran,2153,,
120,2016,Al-Jouf,No. of Casualties - Injured,920,29.9677445762, 39.5570371172,Makkah,136055,,
121,2016,Al-Jouf,No. of Casualties - Injured,920,29.9677445762, 39.5570371172,Madinah,24540,,
122,2016,Al-Jouf,No. of Casualties - Injured,920,29.9677445762, 39.5570371172,Al-Qaseem,9180,,
123,2016,Al-Jouf,No. of Casualties - Injured,920,29.9677445762, 39.5570371172,Hail,54507,,
124,2016,Al-Jouf,No. of Casualties - Injured,920,29.9677445762, 39.5570371172,Eastern,142307,,
125,2016,Al-Jouf,No. of Casualties - Injured,920,29.9677445762, 39.5570371172,Assir,41367,,
126,2016,Al-Jouf,No. of Casualties - Injured,920,29.9677445762, 39.5570371172,Jazan,11504,,
127,2016,Al-Jouf,No. of Casualties - Injured,920,29.9677445762, 39.5570371172,Riyadh,242851,,
128,2016,Al-Jouf,No. of Casualties - Injured,920,29.9677445762, 39.5570371172,Al-Jouf,9371,,
129,2016,Al-Jouf,No. of Casualties - Injured,920,29.9677445762, 39.5570371172,Tabouk,13610,,
130,2016,Madinah,No. of Casualties - Dead,822,24.927534539, 39.4918237173,Al-Baha,4614,27.400845724, 41.4406960508
131,2016,Madinah,No. of Casualties - Dead,822,24.927534539, 39.4918237173,Northern Boarder,4958,,
132,2016,Madinah,No. of Casualties - Dead,822,24.927534539, 39.4918237173,Najran,2153,,
133,2016,Madinah,No. of Casualties - Dead,822,24.927534539, 39.4918237173,Makkah,136055,,
134,2016,Madinah,No. of Casualties - Dead,822,24.927534539, 39.4918237173,Madinah,24540,,
135,2016,Madinah,No. of Casualties - Dead,822,24.927534539, 39.4918237173,Al-Qaseem,9180,,
136,2016,Madinah,No. of Casualties - Dead,822,24.927534539, 39.4918237173,Hail,54507,,
137,2016,Madinah,No. of Casualties - Dead,822,24.927534539, 39.4918237173,Eastern,142307,,
138,2016,Madinah,No. of Casualties - Dead,822,24.927534539, 39.4918237173,Assir,41367,,
139,2016,Madinah,No. of Casualties - Dead,822,24.927534539, 39.4918237173,Jazan,11504,,
140,2016,Madinah,No. of Casualties - Dead,822,24.927534539, 39.4918237173,Riyadh,242851,,
141,2016,Madinah,No. of Casualties - Dead,822,24.927534539, 39.4918237173,Al-Jouf,9371,,
142,2016,Madinah,No. of Casualties - Dead,822,24.927534539, 39.4918237173,Tabouk,13610,,
143,2016,Eastern Region,No. of Accidents,101619,23.2883307307, 50.1478302439,Al-Baha,4614,27.400845724, 41.4406960508
144,2016,Eastern Region,No. of Accidents,101619,23.2883307307, 50.1478302439,Northern Boarder,4958,,
145,2016,Eastern Region,No. of Accidents,101619,23.2883307307, 50.1478302439,Najran,2153,,
146,2016,Eastern Region,No. of Accidents,101619,23.2883307307, 50.1478302439,Makkah,136055,,
147,2016,Eastern Region,No. of Accidents,101619,23.2883307307, 50.1478302439,Madinah,24540,,
148,2016,Eastern Region,No. of Accidents,101619,23.2883307307, 50.1478302439,Al-Qaseem,9180,,
149,2016,Eastern Region,No. of Accidents,101619,23.2883307307, 50.1478302439,Hail,54507,,
150,2016,Eastern Region,No. of Accidents,101619,23.2883307307, 50.1478302439,Eastern,142307,,
151,2016,Eastern Region,No. of Accidents,101619,23.2883307307, 50.1478302439,Assir,41367,,
152,2016,Eastern Region,No. of Accidents,101619,23.2883307307, 50.1478302439,Jazan,11504,,
153,2016,Eastern Region,No. of Accidents,101619,23.2883307307, 50.1478302439,Riyadh,242851,,
154,2016,Eastern Region,No. of Accidents,101619,23.2883307307, 50.1478302439,Al-Jouf,9371,,
155,2016,Eastern Region,No. of Accidents,101619,23.2883307307, 50.1478302439,Tabouk,13610,,
156,2016,Eastern Region,No. of Casualties - Injured,4893,23.2883307307, 50.1478302439,Al-Baha,4614,27.400845724, 41.4406960508
157,2016,Eastern Region,No. of Casualties - Injured,4893,23.2883307307, 50.1478302439,Northern Boarder,4958,,
158,2016,Eastern Region,No. of Casualties - Injured,4893,23.2883307307, 50.1478302439,Najran,2153,,
159,2016,Eastern Region,No. of Casualties - Injured,4893,23.2883307307, 50.1478302439,Makkah,136055,,
160,2016,Eastern Region,No. of Casualties - Injured,4893,23.2883307307, 50.1478302439,Madinah,24540,,
161,2016,Eastern Region,No. of Casualties - Injured,4893,23.2883307307, 50.1478302439,Al-Qaseem,9180,,
162,2016,Eastern Region,No. of Casualties - Injured,4893,23.2883307307, 50.1478302439,Hail,54507,,
163,2016,Eastern Region,No. of Casualties - Injured,4893,23.2883307307, 50.1478302439,Eastern,142307,,
164,2016,Eastern Region,No. of Casualties - Injured,4893,23.2883307307, 50.1478302439,Assir,41367,,
165,2016,Eastern Region,No. of Casualties - Injured,4893,23.2883307307, 50.1478302439,Jazan,11504,,
166,2016,Eastern Region,No. of Casualties - Injured,4893,23.2883307307, 50.1478302439,Riyadh,242851,,
167,2016,Eastern Region,No. of Casualties - Injured,4893,23.2883307307, 50.1478302439,Al-Jouf,9371,,
168,2016,Eastern Region,No. of Casualties - Injured,4893,23.2883307307, 50.1478302439,Tabouk,13610,,
169,2016,Jazan,No. of Casualties - Injured,2259,17.2072313962, 42.6525807422,Al-Baha,4614,27.400845724, 41.4406960508
170,2016,Jazan,No. of Casualties - Injured,2259,17.2072313962, 42.6525807422,Northern Boarder,4958,,
171,2016,Jazan,No. of Casualties - Injured,2259,17.2072313962, 42.6525807422,Najran,2153,,
172,2016,Jazan,No. of Casualties - Injured,2259,17.2072313962, 42.6525807422,Makkah,136055,,
173,2016,Jazan,No. of Casualties - Injured,2259,17.2072313962, 42.6525807422,Madinah,24540,,
174,2016,Jazan,No. of Casualties - Injured,2259,17.2072313962, 42.6525807422,Al-Qaseem,9180,,
175,2016,Jazan,No. of Casualties - Injured,2259,17.2072313962, 42.6525807422,Hail,54507,,
176,2016,Jazan,No. of Casualties - Injured,2259,17.2072313962, 42.6525807422,Eastern,142307,,
177,2016,Jazan,No. of Casualties - Injured,2259,17.2072313962, 42.6525807422,Assir,41367,,
178,2016,Jazan,No. of Casualties - Injured,2259,17.2072313962, 42.6525807422,Jazan,11504,,
179,2016,Jazan,No. of Casualties - Injured,2259,17.2072313962, 42.6525807422,Riyadh,242851,,
180,2016,Jazan,No. of Casualties - Injured,2259,17.2072313962, 42.6525807422,Al-Jouf,9371,,
181,2016,Jazan,No. of Casualties - Injured,2259,17.2072313962, 42.6525807422,Tabouk,13610,,
182,2016,Al-Jouf,No. of Accidents,10212,29.9677445762, 39.5570371172,Al-Baha,4614,27.400845724, 41.4406960508
183,2016,Al-Jouf,No. of Accidents,10212,29.9677445762, 39.5570371172,Northern Boarder,4958,,
184,2016,Al-Jouf,No. of Accidents,10212,29.9677445762, 39.5570371172,Najran,2153,,
185,2016,Al-Jouf,No. of Accidents,10212,29.9677445762, 39.5570371172,Makkah,136055,,
186,2016,Al-Jouf,No. of Accidents,10212,29.9677445762, 39.5570371172,Madinah,24540,,
187,2016,Al-Jouf,No. of Accidents,10212,29.9677445762, 39.5570371172,Al-Qaseem,9180,,
188,2016,Al-Jouf,No. of Accidents,10212,29.9677445762, 39.5570371172,Hail,54507,,
189,2016,Al-Jouf,No. of Accidents,10212,29.9677445762, 39.5570371172,Eastern,142307,,
190,2016,Al-Jouf,No. of Accidents,10212,29.9677445762, 39.5570371172,Assir,41367,,
191,2016,Al-Jouf,No. of Accidents,10212,29.9677445762, 39.5570371172,Jazan,11504,,
192,2016,Al-Jouf,No. of Accidents,10212,29.9677445762, 39.5570371172,Riyadh,242851,,
193,2016,Al-Jouf,No. of Accidents,10212,29.9677445762, 39.5570371172,Al-Jouf,9371,,
194,2016,Al-Jouf,No. of Accidents,10212,29.9677445762, 39.5570371172,Tabouk,13610,,
195,2016,Asir,No. of Casualties - Dead,983,19.1387847401, 42.941470036,Al-Baha,4614,27.400845724, 41.4406960508
196,2016,Asir,No. of Casualties - Dead,983,19.1387847401, 42.941470036,Northern Boarder,4958,,
197,2016,Asir,No. of Casualties - Dead,983,19.1387847401, 42.941470036,Najran,2153,,
198,2016,Asir,No. of Casualties - Dead,983,19.1387847401, 42.941470036,Makkah,136055,,
199,2016,Asir,No. of Casualties - Dead,983,19.1387847401, 42.941470036,Madinah,24540,,
200,2016,Asir,No. of Casualties - Dead,983,19.1387847401, 42.941470036,Al-Qaseem,9180,,
201,2016,Asir,No. of Casualties - Dead,983,19.1387847401, 42.941470036,Hail,54507,,
202,2016,Asir,No. of Casualties - Dead,983,19.1387847401, 42.941470036,Eastern,142307,,
203,2016,Asir,No. of Casualties - Dead,983,19.1387847401, 42.941470036,Assir,41367,,
204,2016,Asir,No. of Casualties - Dead,983,19.1387847401, 42.941470036,Jazan,11504,,
205,2016,Asir,No. of Casualties - Dead,983,19.1387847401, 42.941470036,Riyadh,242851,,
206,2016,Asir,No. of Casualties - Dead,983,19.1387847401, 42.941470036,Al-Jouf,9371,,
207,2016,Asir,No. of Casualties - Dead,983,19.1387847401, 42.941470036,Tabouk,13610,,
208,2016,Asir,No. of Casualties - Injured,2541,19.1387847401, 42.941470036,Al-Baha,4614,27.400845724, 41.4406960508
209,2016,Asir,No. of Casualties - Injured,2541,19.1387847401, 42.941470036,Northern Boarder,4958,,
210,2016,Asir,No. of Casualties - Injured,2541,19.1387847401, 42.941470036,Najran,2153,,
211,2016,Asir,No. of Casualties - Injured,2541,19.1387847401, 42.941470036,Makkah,136055,,
212,2016,Asir,No. of Casualties - Injured,2541,19.1387847401, 42.941470036,Madinah,24540,,
213,2016,Asir,No. of Casualties - Injured,2541,19.1387847401, 42.941470036,Al-Qaseem,9180,,
214,2016,Asir,No. of Casualties - Injured,2541,19.1387847401, 42.941470036,Hail,54507,,
215,2016,Asir,No. of Casualties - Injured,2541,19.1387847401, 42.941470036,Eastern,142307,,
216,2016,Asir,No. of Casualties - Injured,2541,19.1387847401, 42.941470036,Assir,41367,,
217,2016,Asir,No. of Casualties - Injured,2541,19.1387847401, 42.941470036,Jazan,11504,,
218,2016,Asir,No. of Casualties - Injured,2541,19.1387847401, 42.941470036,Riyadh,242851,,
219,2016,Asir,No. of Casualties - Injured,2541,19.1387847401, 42.941470036,Al-Jouf,9371,,
220,2016,Asir,No. of Casualties - Injured,2541,19.1387847401, 42.941470036,Tabouk,13610,,
221,2016,Riyadh,No. of Casualties - Dead,1430,23.0814341634, 45.5857512766,Al-Baha,4614,27.400845724, 41.4406960508
222,2016,Riyadh,No. of Casualties - Dead,1430,23.0814341634, 45.5857512766,Northern Boarder,4958,,
223,2016,Riyadh,No. of Casualties - Dead,1430,23.0814341634, 45.5857512766,Najran,2153,,
224,2016,Riyadh,No. of Casualties - Dead,1430,23.0814341634, 45.5857512766,Makkah,136055,,
225,2016,Riyadh,No. of Casualties - Dead,1430,23.0814341634, 45.5857512766,Madinah,24540,,
226,2016,Riyadh,No. of Casualties - Dead,1430,23.0814341634, 45.5857512766,Al-Qaseem,9180,,
227,2016,Riyadh,No. of Casualties - Dead,1430,23.0814341634, 45.5857512766,Hail,54507,,
228,2016,Riyadh,No. of Casualties - Dead,1430,23.0814341634, 45.5857512766,Eastern,142307,,
229,2016,Riyadh,No. of Casualties - Dead,1430,23.0814341634, 45.5857512766,Assir,41367,,
230,2016,Riyadh,No. of Casualties - Dead,1430,23.0814341634, 45.5857512766,Jazan,11504,,
231,2016,Riyadh,No. of Casualties - Dead,1430,23.0814341634, 45.5857512766,Riyadh,242851,,
232,2016,Riyadh,No. of Casualties - Dead,1430,23.0814341634, 45.5857512766,Al-Jouf,9371,,
233,2016,Riyadh,No. of Casualties - Dead,1430,23.0814341634, 45.5857512766,Tabouk,13610,,
234,2016,Riyadh,No. of Accidents,141736,23.0814341634, 45.5857512766,Al-Baha,4614,27.400845724, 41.4406960508
235,2016,Riyadh,No. of Accidents,141736,23.0814341634, 45.5857512766,Northern Boarder,4958,,
236,2016,Riyadh,No. of Accidents,141736,23.0814341634, 45.5857512766,Najran,2153,,
237,2016,Riyadh,No. of Accidents,141736,23.0814341634, 45.5857512766,Makkah,136055,,
238,2016,Riyadh,No. of Accidents,141736,23.0814341634, 45.5857512766,Madinah,24540,,
239,2016,Riyadh,No. of Accidents,141736,23.0814341634, 45.5857512766,Al-Qaseem,9180,,
240,2016,Riyadh,No. of Accidents,141736,23.0814341634, 45.5857512766,Hail,54507,,
241,2016,Riyadh,No. of Accidents,141736,23.0814341634, 45.5857512766,Eastern,142307,,
242,2016,Riyadh,No. of Accidents,141736,23.0814341634, 45.5857512766,Assir,41367,,
243,2016,Riyadh,No. of Accidents,141736,23.0814341634, 45.5857512766,Jazan,11504,,
244,2016,Riyadh,No. of Accidents,141736,23.0814341634, 45.5857512766,Riyadh,242851,,
245,2016,Riyadh,No. of Accidents,141736,23.0814341634, 45.5857512766,Al-Jouf,9371,,
246,2016,Riyadh,No. of Accidents,141736,23.0814341634, 45.5857512766,Tabouk,13610,,
247,2016,Makkah,No. of Accidents,134838,21.628962766, 41.2636898334,Al-Baha,4614,27.400845724, 41.4406960508
248,2016,Makkah,No. of Accidents,134838,21.628962766, 41.2636898334,Northern Boarder,4958,,
249,2016,Makkah,No. of Accidents,134838,21.628962766, 41.2636898334,Najran,2153,,
250,2016,Makkah,No. of Accidents,134838,21.628962766, 41.2636898334,Makkah,136055,,
251,2016,Makkah,No. of Accidents,134838,21.628962766, 41.2636898334,Madinah,24540,,
252,2016,Makkah,No. of Accidents,134838,21.628962766, 41.2636898334,Al-Qaseem,9180,,
253,2016,Makkah,No. of Accidents,134838,21.628962766, 41.2636898334,Hail,54507,,
254,2016,Makkah,No. of Accidents,134838,21.628962766, 41.2636898334,Eastern,142307,,
255,2016,Makkah,No. of Accidents,134838,21.628962766, 41.2636898334,Assir,41367,,
256,2016,Makkah,No. of Accidents,134838,21.628962766, 41.2636898334,Jazan,11504,,
257,2016,Makkah,No. of Accidents,134838,21.628962766, 41.2636898334,Riyadh,242851,,
258,2016,Makkah,No. of Accidents,134838,21.628962766, 41.2636898334,Al-Jouf,9371,,
259,2016,Makkah,No. of Accidents,134838,21.628962766, 41.2636898334,Tabouk,13610,,
260,2016,Madinah,No. of Accidents,14475,24.927534539, 39.4918237173,Al-Baha,4614,27.400845724, 41.4406960508
261,2016,Madinah,No. of Accidents,14475,24.927534539, 39.4918237173,Northern Boarder,4958,,
262,2016,Madinah,No. of Accidents,14475,24.927534539, 39.4918237173,Najran,2153,,
263,2016,Madinah,No. of Accidents,14475,24.927534539, 39.4918237173,Makkah,136055,,
264,2016,Madinah,No. of Accidents,14475,24.927534539, 39.4918237173,Madinah,24540,,
265,2016,Madinah,No. of Accidents,14475,24.927534539, 39.4918237173,Al-Qaseem,9180,,
266,2016,Madinah,No. of Accidents,14475,24.927534539, 39.4918237173,Hail,54507,,
267,2016,Madinah,No. of Accidents,14475,24.927534539, 39.4918237173,Eastern,142307,,
268,2016,Madinah,No. of Accidents,14475,24.927534539, 39.4918237173,Assir,41367,,
269,2016,Madinah,No. of Accidents,14475,24.927534539, 39.4918237173,Jazan,11504,,
270,2016,Madinah,No. of Accidents,14475,24.927534539, 39.4918237173,Riyadh,242851,,
271,2016,Madinah,No. of Accidents,14475,24.927534539, 39.4918237173,Al-Jouf,9371,,
272,2016,Madinah,No. of Accidents,14475,24.927534539, 39.4918237173,Tabouk,13610,,
273,2016,Qassim,No. of Accidents,25664,26.1967063704, 43.3429998455,Al-Baha,4614,27.400845724, 41.4406960508
274,2016,Qassim,No. of Accidents,25664,26.1967063704, 43.3429998455,Northern Boarder,4958,,
275,2016,Qassim,No. of Accidents,25664,26.1967063704, 43.3429998455,Najran,2153,,
276,2016,Qassim,No. of Accidents,25664,26.1967063704, 43.3429998455,Makkah,136055,,
277,2016,Qassim,No. of Accidents,25664,26.1967063704, 43.3429998455,Madinah,24540,,
278,2016,Qassim,No. of Accidents,25664,26.1967063704, 43.3429998455,Al-Qaseem,9180,,
279,2016,Qassim,No. of Accidents,25664,26.1967063704, 43.3429998455,Hail,54507,,
280,2016,Qassim,No. of Accidents,25664,26.1967063704, 43.3429998455,Eastern,142307,,
281,2016,Qassim,No. of Accidents,25664,26.1967063704, 43.3429998455,Assir,41367,,
282,2016,Qassim,No. of Accidents,25664,26.1967063704, 43.3429998455,Jazan,11504,,
283,2016,Qassim,No. of Accidents,25664,26.1967063704, 43.3429998455,Riyadh,242851,,
284,2016,Qassim,No. of Accidents,25664,26.1967063704, 43.3429998455,Al-Jouf,9371,,
285,2016,Qassim,No. of Accidents,25664,26.1967063704, 43.3429998455,Tabouk,13610,,
286,2016,Qassim,No. of Casualties - Injured,1513,26.1967063704, 43.3429998455,Al-Baha,4614,27.400845724, 41.4406960508
287,2016,Qassim,No. of Casualties - Injured,1513,26.1967063704, 43.3429998455,Northern Boarder,4958,,
288,2016,Qassim,No. of Casualties - Injured,1513,26.1967063704, 43.3429998455,Najran,2153,,
289,2016,Qassim,No. of Casualties - Injured,1513,26.1967063704, 43.3429998455,Makkah,136055,,
290,2016,Qassim,No. of Casualties - Injured,1513,26.1967063704, 43.3429998455,Madinah,24540,,
291,2016,Qassim,No. of Casualties - Injured,1513,26.1967063704, 43.3429998455,Al-Qaseem,9180,,
292,2016,Qassim,No. of Casualties - Injured,1513,26.1967063704, 43.3429998455,Hail,54507,,
293,2016,Qassim,No. of Casualties - Injured,1513,26.1967063704, 43.3429998455,Eastern,142307,,
294,2016,Qassim,No. of Casualties - Injured,1513,26.1967063704, 43.3429998455,Assir,41367,,
295,2016,Qassim,No. of Casualties - Injured,1513,26.1967063704, 43.3429998455,Jazan,11504,,
296,2016,Qassim,No. of Casualties - Injured,1513,26.1967063704, 43.3429998455,Riyadh,242851,,
297,2016,Qassim,No. of Casualties - Injured,1513,26.1967063704, 43.3429998455,Al-Jouf,9371,,
298,2016,Qassim,No. of Casualties - Injured,1513,26.1967063704, 43.3429998455,Tabouk,13610,,
299,2016,Tabouk,No. of Accidents,16031,27.90165499, 37.2598581394,Al-Baha,4614,27.400845724, 41.4406960508
300,2016,Tabouk,No. of Accidents,16031,27.90165499, 37.2598581394,Northern Boarder,4958,,
301,2016,Tabouk,No. of Accidents,16031,27.90165499, 37.2598581394,Najran,2153,,
302,2016,Tabouk,No. of Accidents,16031,27.90165499, 37.2598581394,Makkah,136055,,
303,2016,Tabouk,No. of Accidents,16031,27.90165499, 37.2598581394,Madinah,24540,,
304,2016,Tabouk,No. of Accidents,16031,27.90165499, 37.2598581394,Al-Qaseem,9180,,
305,2016,Tabouk,No. of Accidents,16031,27.90165499, 37.2598581394,Hail,54507,,
306,2016,Tabouk,No. of Accidents,16031,27.90165499, 37.2598581394,Eastern,142307,,
307,2016,Tabouk,No. of Accidents,16031,27.90165499, 37.2598581394,Assir,41367,,
308,2016,Tabouk,No. of Accidents,16031,27.90165499, 37.2598581394,Jazan,11504,,
309,2016,Tabouk,No. of Accidents,16031,27.90165499, 37.2598581394,Riyadh,242851,,
310,2016,Tabouk,No. of Accidents,16031,27.90165499, 37.2598581394,Al-Jouf,9371,,
311,2016,Tabouk,No. of Accidents,16031,27.90165499, 37.2598581394,Tabouk,13610,,
312,2016,Tabouk,No. of Casualties - Injured,1724,27.90165499, 37.2598581394,Al-Baha,4614,27.400845724, 41.4406960508
313,2016,Tabouk,No. of Casualties - Injured,1724,27.90165499, 37.2598581394,Northern Boarder,4958,,
314,2016,Tabouk,No. of Casualties - Injured,1724,27.90165499, 37.2598581394,Najran,2153,,
315,2016,Tabouk,No. of Casualties - Injured,1724,27.90165499, 37.2598581394,Makkah,136055,,
316,2016,Tabouk,No. of Casualties - Injured,1724,27.90165499, 37.2598581394,Madinah,24540,,
317,2016,Tabouk,No. of Casualties - Injured,1724,27.90165499, 37.2598581394,Al-Qaseem,9180,,
318,2016,Tabouk,No. of Casualties - Injured,1724,27.90165499, 37.2598581394,Hail,54507,,
319,2016,Tabouk,No. of Casualties - Injured,1724,27.90165499, 37.2598581394,Eastern,142307,,
320,2016,Tabouk,No. of Casualties - Injured,1724,27.90165499, 37.2598581394,Assir,41367,,
321,2016,Tabouk,No. of Casualties - Injured,1724,27.90165499, 37.2598581394,Jazan,11504,,
322,2016,Tabouk,No. of Casualties - Injured,1724,27.90165499, 37.2598581394,Riyadh,242851,,
323,2016,Tabouk,No. of Casualties - Injured,1724,27.90165499, 37.2598581394,Al-Jouf,9371,,
324,2016,Tabouk,No. of Casualties - Injured,1724,27.90165499, 37.2598581394,Tabouk,13610,,
325,2016,Al-Baaha,No. of Casualties - Dead,185,20.1484058503, 41.4665484892,Al-Baha,4614,27.400845724, 41.4406960508
326,2016,Al-Baaha,No. of Casualties - Dead,185,20.1484058503, 41.4665484892,Northern Boarder,4958,,
327,2016,Al-Baaha,No. of Casualties - Dead,185,20.1484058503, 41.4665484892,Najran,2153,,
328,2016,Al-Baaha,No. of Casualties - Dead,185,20.1484058503, 41.4665484892,Makkah,136055,,
329,2016,Al-Baaha,No. of Casualties - Dead,185,20.1484058503, 41.4665484892,Madinah,24540,,
330,2016,Al-Baaha,No. of Casualties - Dead,185,20.1484058503, 41.4665484892,Al-Qaseem,9180,,
331,2016,Al-Baaha,No. of Casualties - Dead,185,20.1484058503, 41.4665484892,Hail,54507,,
332,2016,Al-Baaha,No. of Casualties - Dead,185,20.1484058503, 41.4665484892,Eastern,142307,,
333,2016,Al-Baaha,No. of Casualties - Dead,185,20.1484058503, 41.4665484892,Assir,41367,,
334,2016,Al-Baaha,No. of Casualties - Dead,185,20.1484058503, 41.4665484892,Jazan,11504,,
335,2016,Al-Baaha,No. of Casualties - Dead,185,20.1484058503, 41.4665484892,Riyadh,242851,,
336,2016,Al-Baaha,No. of Casualties - Dead,185,20.1484058503, 41.4665484892,Al-Jouf,9371,,
337,2016,Al-Baaha,No. of Casualties - Dead,185,20.1484058503, 41.4665484892,Tabouk,13610,,
338,2016,Al-Baaha,No. of Accidents,3618,20.1484058503, 41.4665484892,Al-Baha,4614,27.400845724, 41.4406960508
339,2016,Al-Baaha,No. of Accidents,3618,20.1484058503, 41.4665484892,Northern Boarder,4958,,
340,2016,Al-Baaha,No. of Accidents,3618,20.1484058503, 41.4665484892,Najran,2153,,
341,2016,Al-Baaha,No. of Accidents,3618,20.1484058503, 41.4665484892,Makkah,136055,,
342,2016,Al-Baaha,No. of Accidents,3618,20.1484058503, 41.4665484892,Madinah,24540,,
343,2016,Al-Baaha,No. of Accidents,3618,20.1484058503, 41.4665484892,Al-Qaseem,9180,,
344,2016,Al-Baaha,No. of Accidents,3618,20.1484058503, 41.4665484892,Hail,54507,,
345,2016,Al-Baaha,No. of Accidents,3618,20.1484058503, 41.4665484892,Eastern,142307,,
346,2016,Al-Baaha,No. of Accidents,3618,20.1484058503, 41.4665484892,Assir,41367,,
347,2016,Al-Baaha,No. of Accidents,3618,20.1484058503, 41.4665484892,Jazan,11504,,
348,2016,Al-Baaha,No. of Accidents,3618,20.1484058503, 41.4665484892,Riyadh,242851,,
349,2016,Al-Baaha,No. of Accidents,3618,20.1484058503, 41.4665484892,Al-Jouf,9371,,
350,2016,Al-Baaha,No. of Accidents,3618,20.1484058503, 41.4665484892,Tabouk,13610,,
351,2016,Al-Jouf,No. of Casualties - Dead,245,29.9677445762, 39.5570371172,Al-Baha,4614,27.400845724, 41.4406960508
352,2016,Al-Jouf,No. of Casualties - Dead,245,29.9677445762, 39.5570371172,Northern Boarder,4958,,
353,2016,Al-Jouf,No. of Casualties - Dead,245,29.9677445762, 39.5570371172,Najran,2153,,
354,2016,Al-Jouf,No. of Casualties - Dead,245,29.9677445762, 39.5570371172,Makkah,136055,,
355,2016,Al-Jouf,No. of Casualties - Dead,245,29.9677445762, 39.5570371172,Madinah,24540,,
356,2016,Al-Jouf,No. of Casualties - Dead,245,29.9677445762, 39.5570371172,Al-Qaseem,9180,,
357,2016,Al-Jouf,No. of Casualties - Dead,245,29.9677445762, 39.5570371172,Hail,54507,,
358,2016,Al-Jouf,No. of Casualties - Dead,245,29.9677445762, 39.5570371172,Eastern,142307,,
359,2016,Al-Jouf,No. of Casualties - Dead,245,29.9677445762, 39.5570371172,Assir,41367,,
360,2016,Al-Jouf,No. of Casualties - Dead,245,29.9677445762, 39.5570371172,Jazan,11504,,
361,2016,Al-Jouf,No. of Casualties - Dead,245,29.9677445762, 39.5570371172,Riyadh,242851,,
362,2016,Al-Jouf,No. of Casualties - Dead,245,29.9677445762, 39.5570371172,Al-Jouf,9371,,
363,2016,Al-Jouf,No. of Casualties - Dead,245,29.9677445762, 39.5570371172,Tabouk,13610,,
364,2016,Madinah,No. of Casualties - Injured,4184,24.927534539, 39.4918237173,Al-Baha,4614,27.400845724, 41.4406960508
365,2016,Madinah,No. of Casualties - Injured,4184,24.927534539, 39.4918237173,Northern Boarder,4958,,
366,2016,Madinah,No. of Casualties - Injured,4184,24.927534539, 39.4918237173,Najran,2153,,
367,2016,Madinah,No. of Casualties - Injured,4184,24.927534539, 39.4918237173,Makkah,136055,,
368,2016,Madinah,No. of Casualties - Injured,4184,24.927534539, 39.4918237173,Madinah,24540,,
369,2016,Madinah,No. of Casualties - Injured,4184,24.927534539, 39.4918237173,Al-Qaseem,9180,,
370,2016,Madinah,No. of Casualties - Injured,4184,24.927534539, 39.4918237173,Hail,54507,,
371,2016,Madinah,No. of Casualties - Injured,4184,24.927534539, 39.4918237173,Eastern,142307,,
372,2016,Madinah,No. of Casualties - Injured,4184,24.927534539, 39.4918237173,Assir,41367,,
373,2016,Madinah,No. of Casualties - Injured,4184,24.927534539, 39.4918237173,Jazan,11504,,
374,2016,Madinah,No. of Casualties - Injured,4184,24.927534539, 39.4918237173,Riyadh,242851,,
375,2016,Madinah,No. of Casualties - Injured,4184,24.927534539, 39.4918237173,Al-Jouf,9371,,
376,2016,Madinah,No. of Casualties - Injured,4184,24.927534539, 39.4918237173,Tabouk,13610,,
377,2016,Asir,No. of Accidents,32684,19.1387847401, 42.941470036,Al-Baha,4614,27.400845724, 41.4406960508
378,2016,Asir,No. of Accidents,32684,19.1387847401, 42.941470036,Northern Boarder,4958,,
379,2016,Asir,No. of Accidents,32684,19.1387847401, 42.941470036,Najran,2153,,
380,2016,Asir,No. of Accidents,32684,19.1387847401, 42.941470036,Makkah,136055,,
381,2016,Asir,No. of Accidents,32684,19.1387847401, 42.941470036,Madinah,24540,,
382,2016,Asir,No. of Accidents,32684,19.1387847401, 42.941470036,Al-Qaseem,9180,,
383,2016,Asir,No. of Accidents,32684,19.1387847401, 42.941470036,Hail,54507,,
384,2016,Asir,No. of Accidents,32684,19.1387847401, 42.941470036,Eastern,142307,,
385,2016,Asir,No. of Accidents,32684,19.1387847401, 42.941470036,Assir,41367,,
386,2016,Asir,No. of Accidents,32684,19.1387847401, 42.941470036,Jazan,11504,,
387,2016,Asir,No. of Accidents,32684,19.1387847401, 42.941470036,Riyadh,242851,,
388,2016,Asir,No. of Accidents,32684,19.1387847401, 42.941470036,Al-Jouf,9371,,
389,2016,Asir,No. of Accidents,32684,19.1387847401, 42.941470036,Tabouk,13610,,
390,2016,Hail,No. of Casualties - Injured,932,27.400845724, 41.4406960508,Al-Baha,4614,27.400845724, 41.4406960508
391,2016,Hail,No. of Casualties - Injured,932,27.400845724, 41.4406960508,Northern Boarder,4958,,
392,2016,Hail,No. of Casualties - Injured,932,27.400845724, 41.4406960508,Najran,2153,,
393,2016,Hail,No. of Casualties - Injured,932,27.400845724, 41.4406960508,Makkah,136055,,
394,2016,Hail,No. of Casualties - Injured,932,27.400845724, 41.4406960508,Madinah,24540,,
395,2016,Hail,No. of Casualties - Injured,932,27.400845724, 41.4406960508,Al-Qaseem,9180,,
396,2016,Hail,No. of Casualties - Injured,932,27.400845724, 41.4406960508,Hail,54507,,
397,2016,Hail,No. of Casualties - Injured,932,27.400845724, 41.4406960508,Eastern,142307,,
398,2016,Hail,No. of Casualties - Injured,932,27.400845724, 41.4406960508,Assir,41367,,
399,2016,Hail,No. of Casualties - Injured,932,27.400845724, 41.4406960508,Jazan,11504,,
400,2016,Hail,No. of Casualties - Injured,932,27.400845724, 41.4406960508,Riyadh,242851,,
401,2016,Hail,No. of Casualties - Injured,932,27.400845724, 41.4406960508,Al-Jouf,9371,,
402,2016,Hail,No. of Casualties - Injured,932,27.400845724, 41.4406960508,Tabouk,13610,,
403,2016,Northern Boarder,No. of Accidents,13196,30.197074783, 41.8171186952,Al-Baha,4614,27.400845724, 41.4406960508
404,2016,Northern Boarder,No. of Accidents,13196,30.197074783, 41.8171186952,Northern Boarder,4958,,
405,2016,Northern Boarder,No. of Accidents,13196,30.197074783, 41.8171186952,Najran,2153,,
406,2016,Northern Boarder,No. of Accidents,13196,30.197074783, 41.8171186952,Makkah,136055,,
407,2016,Northern Boarder,No. of Accidents,13196,30.197074783, 41.8171186952,Madinah,24540,,
408,2016,Northern Boarder,No. of Accidents,13196,30.197074783, 41.8171186952,Al-Qaseem,9180,,
409,2016,Northern Boarder,No. of Accidents,13196,30.197074783, 41.8171186952,Hail,54507,,
410,2016,Northern Boarder,No. of Accidents,13196,30.197074783, 41.8171186952,Eastern,142307,,
411,2016,Northern Boarder,No. of Accidents,13196,30.197074783, 41.8171186952,Assir,41367,,
412,2016,Northern Boarder,No. of Accidents,13196,30.197074783, 41.8171186952,Jazan,11504,,
413,2016,Northern Boarder,No. of Accidents,13196,30.197074783, 41.8171186952,Riyadh,242851,,
414,2016,Northern Boarder,No. of Accidents,13196,30.197074783, 41.8171186952,Al-Jouf,9371,,
415,2016,Northern Boarder,No. of Accidents,13196,30.197074783, 41.8171186952,Tabouk,13610,,
416,2016,Jazan,No. of Accidents,25873,17.2072313962, 42.6525807422,Al-Baha,4614,27.400845724, 41.4406960508
417,2016,Jazan,No. of Accidents,25873,17.2072313962, 42.6525807422,Northern Boarder,4958,,
418,2016,Jazan,No. of Accidents,25873,17.2072313962, 42.6525807422,Najran,2153,,
419,2016,Jazan,No. of Accidents,25873,17.2072313962, 42.6525807422,Makkah,136055,,
420,2016,Jazan,No. of Accidents,25873,17.2072313962, 42.6525807422,Madinah,24540,,
421,2016,Jazan,No. of Accidents,25873,17.2072313962, 42.6525807422,Al-Qaseem,9180,,
422,2016,Jazan,No. of Accidents,25873,17.2072313962, 42.6525807422,Hail,54507,,
423,2016,Jazan,No. of Accidents,25873,17.2072313962, 42.6525807422,Eastern,142307,,
424,2016,Jazan,No. of Accidents,25873,17.2072313962, 42.6525807422,Assir,41367,,
425,2016,Jazan,No. of Accidents,25873,17.2072313962, 42.6525807422,Jazan,11504,,
426,2016,Jazan,No. of Accidents,25873,17.2072313962, 42.6525807422,Riyadh,242851,,
427,2016,Jazan,No. of Accidents,25873,17.2072313962, 42.6525807422,Al-Jouf,9371,,
428,2016,Jazan,No. of Accidents,25873,17.2072313962, 42.6525807422,Tabouk,13610,,
429,2016,Najran,No. of Accidents,3235,18.4511003068, 46.8688495726,Al-Baha,4614,27.400845724, 41.4406960508
430,2016,Najran,No. of Accidents,3235,18.4511003068, 46.8688495726,Northern Boarder,4958,,
431,2016,Najran,No. of Accidents,3235,18.4511003068, 46.8688495726,Najran,2153,,
432,2016,Najran,No. of Accidents,3235,18.4511003068, 46.8688495726,Makkah,136055,,
433,2016,Najran,No. of Accidents,3235,18.4511003068, 46.8688495726,Madinah,24540,,
434,2016,Najran,No. of Accidents,3235,18.4511003068, 46.8688495726,Al-Qaseem,9180,,
435,2016,Najran,No. of Accidents,3235,18.4511003068, 46.8688495726,Hail,54507,,
436,2016,Najran,No. of Accidents,3235,18.4511003068, 46.8688495726,Eastern,142307,,
437,2016,Najran,No. of Accidents,3235,18.4511003068, 46.8688495726,Assir,41367,,
438,2016,Najran,No. of Accidents,3235,18.4511003068, 46.8688495726,Jazan,11504,,
439,2016,Najran,No. of Accidents,3235,18.4511003068, 46.8688495726,Riyadh,242851,,
440,2016,Najran,No. of Accidents,3235,18.4511003068, 46.8688495726,Al-Jouf,9371,,
441,2016,Najran,No. of Accidents,3235,18.4511003068, 46.8688495726,Tabouk,13610,,
442,2016,Riyadh,No. of Casualties - Injured,4207,23.0814341634, 45.5857512766,Al-Baha,4614,27.400845724, 41.4406960508
443,2016,Riyadh,No. of Casualties - Injured,4207,23.0814341634, 45.5857512766,Northern Boarder,4958,,
444,2016,Riyadh,No. of Casualties - Injured,4207,23.0814341634, 45.5857512766,Najran,2153,,
445,2016,Riyadh,No. of Casualties - Injured,4207,23.0814341634, 45.5857512766,Makkah,136055,,
446,2016,Riyadh,No. of Casualties - Injured,4207,23.0814341634, 45.5857512766,Madinah,24540,,
447,2016,Riyadh,No. of Casualties - Injured,4207,23.0814341634, 45.5857512766,Al-Qaseem,9180,,
448,2016,Riyadh,No. of Casualties - Injured,4207,23.0814341634, 45.5857512766,Hail,54507,,
449,2016,Riyadh,No. of Casualties - Injured,4207,23.0814341634, 45.5857512766,Eastern,142307,,
450,2016,Riyadh,No. of Casualties - Injured,4207,23.0814341634, 45.5857512766,Assir,41367,,
451,2016,Riyadh,No. of Casualties - Injured,4207,23.0814341634, 45.5857512766,Jazan,11504,,
452,2016,Riyadh,No. of Casualties - Injured,4207,23.0814341634, 45.5857512766,Riyadh,242851,,
453,2016,Riyadh,No. of Casualties - Injured,4207,23.0814341634, 45.5857512766,Al-Jouf,9371,,
454,2016,Riyadh,No. of Casualties - Injured,4207,23.0814341634, 45.5857512766,Tabouk,13610,,
455,2016,Makkah,No. of Casualties - Dead,2243,21.628962766, 41.2636898334,Al-Baha,4614,27.400845724, 41.4406960508
456,2016,Makkah,No. of Casualties - Dead,2243,21.628962766, 41.2636898334,Northern Boarder,4958,,
457,2016,Makkah,No. of Casualties - Dead,2243,21.628962766, 41.2636898334,Najran,2153,,
458,2016,Makkah,No. of Casualties - Dead,2243,21.628962766, 41.2636898334,Makkah,136055,,
459,2016,Makkah,No. of Casualties - Dead,2243,21.628962766, 41.2636898334,Madinah,24540,,
460,2016,Makkah,No. of Casualties - Dead,2243,21.628962766, 41.2636898334,Al-Qaseem,9180,,
461,2016,Makkah,No. of Casualties - Dead,2243,21.628962766, 41.2636898334,Hail,54507,,
462,2016,Makkah,No. of Casualties - Dead,2243,21.628962766, 41.2636898334,Eastern,142307,,
463,2016,Makkah,No. of Casualties - Dead,2243,21.628962766, 41.2636898334,Assir,41367,,
464,2016,Makkah,No. of Casualties - Dead,2243,21.628962766, 41.2636898334,Jazan,11504,,
465,2016,Makkah,No. of Casualties - Dead,2243,21.628962766, 41.2636898334,Riyadh,242851,,
466,2016,Makkah,No. of Casualties - Dead,2243,21.628962766, 41.2636898334,Al-Jouf,9371,,
467,2016,Makkah,No. of Casualties - Dead,2243,21.628962766, 41.2636898334,Tabouk,13610,,
468,2016,Qassim,No. of Casualties - Dead,397,26.1967063704, 43.3429998455,Al-Baha,4614,27.400845724, 41.4406960508
469,2016,Qassim,No. of Casualties - Dead,397,26.1967063704, 43.3429998455,Northern Boarder,4958,,
470,2016,Qassim,No. of Casualties - Dead,397,26.1967063704, 43.3429998455,Najran,2153,,
471,2016,Qassim,No. of Casualties - Dead,397,26.1967063704, 43.3429998455,Makkah,136055,,
472,2016,Qassim,No. of Casualties - Dead,397,26.1967063704, 43.3429998455,Madinah,24540,,
473,2016,Qassim,No. of Casualties - Dead,397,26.1967063704, 43.3429998455,Al-Qaseem,9180,,
474,2016,Qassim,No. of Casualties - Dead,397,26.1967063704, 43.3429998455,Hail,54507,,
475,2016,Qassim,No. of Casualties - Dead,397,26.1967063704, 43.3429998455,Eastern,142307,,
476,2016,Qassim,No. of Casualties - Dead,397,26.1967063704, 43.3429998455,Assir,41367,,
477,2016,Qassim,No. of Casualties - Dead,397,26.1967063704, 43.3429998455,Jazan,11504,,
478,2016,Qassim,No. of Casualties - Dead,397,26.1967063704, 43.3429998455,Riyadh,242851,,
479,2016,Qassim,No. of Casualties - Dead,397,26.1967063704, 43.3429998455,Al-Jouf,9371,,
480,2016,Qassim,No. of Casualties - Dead,397,26.1967063704, 43.3429998455,Tabouk,13610,,
481,2016,Najran,No. of Casualties - Dead,173,18.4511003068, 46.8688495726,Al-Baha,4614,27.400845724, 41.4406960508
482,2016,Najran,No. of Casualties - Dead,173,18.4511003068, 46.8688495726,Northern Boarder,4958,,
483,2016,Najran,No. of Casualties - Dead,173,18.4511003068, 46.8688495726,Najran,2153,,
484,2016,Najran,No. of Casualties - Dead,173,18.4511003068, 46.8688495726,Makkah,136055,,
485,2016,Najran,No. of Casualties - Dead,173,18.4511003068, 46.8688495726,Madinah,24540,,
486,2016,Najran,No. of Casualties - Dead,173,18.4511003068, 46.8688495726,Al-Qaseem,9180,,
487,2016,Najran,No. of Casualties - Dead,173,18.4511003068, 46.8688495726,Hail,54507,,
488,2016,Najran,No. of Casualties - Dead,173,18.4511003068, 46.8688495726,Eastern,142307,,
489,2016,Najran,No. of Casualties - Dead,173,18.4511003068, 46.8688495726,Assir,41367,,
490,2016,Najran,No. of Casualties - Dead,173,18.4511003068, 46.8688495726,Jazan,11504,,
491,2016,Najran,No. of Casualties - Dead,173,18.4511003068, 46.8688495726,Riyadh,242851,,
492,2016,Najran,No. of Casualties - Dead,173,18.4511003068, 46.8688495726,Al-Jouf,9371,,
493,2016,Najran,No. of Casualties - Dead,173,18.4511003068, 46.8688495726,Tabouk,13610,,
494,2016,Najran,No. of Casualties - Injured,706,18.4511003068, 46.8688495726,Al-Baha,4614,27.400845724, 41.4406960508
495,2016,Najran,No. of Casualties - Injured,706,18.4511003068, 46.8688495726,Northern Boarder,4958,,
496,2016,Najran,No. of Casualties - Injured,706,18.4511003068, 46.8688495726,Najran,2153,,
497,2016,Najran,No. of Casualties - Injured,706,18.4511003068, 46.8688495726,Makkah,136055,,
498,2016,Najran,No. of Casualties - Injured,706,18.4511003068, 46.8688495726,Madinah,24540,,
499,2016,Najran,No. of Casualties - Injured,706,18.4511003068, 46.8688495726,Al-Qaseem,9180,,
500,2016,Najran,No. of Casualties - Injured,706,18.4511003068, 46.8688495726,Hail,54507,,
501,2016,Najran,No. of Casualties - Injured,706,18.4511003068, 46.8688495726,Eastern,142307,,
502,2016,Najran,No. of Casualties - Injured,706,18.4511003068, 46.8688495726,Assir,41367,,
503,2016,Najran,No. of Casualties - Injured,706,18.4511003068, 46.8688495726,Jazan,11504,,
504,2016,Najran,No. of Casualties - Injured,706,18.4511003068, 46.8688495726,Riyadh,242851,,
505,2016,Najran,No. of Casualties - Injured,706,18.4511003068, 46.8688495726,Al-Jouf,9371,,
506,2016,Najran,No. of Casualties - Injured,706,18.4511003068, 46.8688495726,Tabouk,13610,,
507,2017,Jazan,No. of Accidents,22161,17.2072313962, 42.6525807422,Hail,22035,17.2072313962, 42.6525807422
508,2017,Jazan,No. of Accidents,22161,17.2072313962, 42.6525807422,Northern Boarder,5280,23.2883307307, 50.1478302439
509,2017,Jazan,No. of Accidents,22161,17.2072313962, 42.6525807422,Al-Qaseem,6318,,
510,2017,Jazan,No. of Accidents,22161,17.2072313962, 42.6525807422,Eastern,126816,,
511,2017,Jazan,No. of Accidents,22161,17.2072313962, 42.6525807422,Tabouk,10232,,
512,2017,Jazan,No. of Accidents,22161,17.2072313962, 42.6525807422,Makkah,142487,,
513,2017,Jazan,No. of Accidents,22161,17.2072313962, 42.6525807422,Najran,13825,,
514,2017,Jazan,No. of Accidents,22161,17.2072313962, 42.6525807422,Al-Jouf,8091,,
515,2017,Jazan,No. of Accidents,22161,17.2072313962, 42.6525807422,Madinah,36165,,
516,2017,Jazan,No. of Accidents,22161,17.2072313962, 42.6525807422,Assir,39133,,
517,2017,Jazan,No. of Accidents,22161,17.2072313962, 42.6525807422,Jazan,18345,,
518,2017,Jazan,No. of Accidents,22161,17.2072313962, 42.6525807422,Riyadh,495307,,
519,2017,Jazan,No. of Accidents,22161,17.2072313962, 42.6525807422,Al-Baha,4131,,
520,2017,Al-Jouf,No. of Accidents,10469,29.9677445762, 39.5570371172,Hail,22035,17.2072313962, 42.6525807422
521,2017,Al-Jouf,No. of Accidents,10469,29.9677445762, 39.5570371172,Northern Boarder,5280,23.2883307307, 50.1478302439
522,2017,Al-Jouf,No. of Accidents,10469,29.9677445762, 39.5570371172,Al-Qaseem,6318,,
523,2017,Al-Jouf,No. of Accidents,10469,29.9677445762, 39.5570371172,Eastern,126816,,
524,2017,Al-Jouf,No. of Accidents,10469,29.9677445762, 39.5570371172,Tabouk,10232,,
525,2017,Al-Jouf,No. of Accidents,10469,29.9677445762, 39.5570371172,Makkah,142487,,
526,2017,Al-Jouf,No. of Accidents,10469,29.9677445762, 39.5570371172,Najran,13825,,
527,2017,Al-Jouf,No. of Accidents,10469,29.9677445762, 39.5570371172,Al-Jouf,8091,,
528,2017,Al-Jouf,No. of Accidents,10469,29.9677445762, 39.5570371172,Madinah,36165,,
529,2017,Al-Jouf,No. of Accidents,10469,29.9677445762, 39.5570371172,Assir,39133,,
530,2017,Al-Jouf,No. of Accidents,10469,29.9677445762, 39.5570371172,Jazan,18345,,
531,2017,Al-Jouf,No. of Accidents,10469,29.9677445762, 39.5570371172,Riyadh,495307,,
532,2017,Al-Jouf,No. of Accidents,10469,29.9677445762, 39.5570371172,Al-Baha,4131,,
533,2017,Riyadh,No. of Accidents,99925,23.0814341634, 45.5857512766,Hail,22035,17.2072313962, 42.6525807422
534,2017,Riyadh,No. of Accidents,99925,23.0814341634, 45.5857512766,Northern Boarder,5280,23.2883307307, 50.1478302439
535,2017,Riyadh,No. of Accidents,99925,23.0814341634, 45.5857512766,Al-Qaseem,6318,,
536,2017,Riyadh,No. of Accidents,99925,23.0814341634, 45.5857512766,Eastern,126816,,
537,2017,Riyadh,No. of Accidents,99925,23.0814341634, 45.5857512766,Tabouk,10232,,
538,2017,Riyadh,No. of Accidents,99925,23.0814341634, 45.5857512766,Makkah,142487,,
539,2017,Riyadh,No. of Accidents,99925,23.0814341634, 45.5857512766,Najran,13825,,
540,2017,Riyadh,No. of Accidents,99925,23.0814341634, 45.5857512766,Al-Jouf,8091,,
541,2017,Riyadh,No. of Accidents,99925,23.0814341634, 45.5857512766,Madinah,36165,,
542,2017,Riyadh,No. of Accidents,99925,23.0814341634, 45.5857512766,Assir,39133,,
543,2017,Riyadh,No. of Accidents,99925,23.0814341634, 45.5857512766,Jazan,18345,,
544,2017,Riyadh,No. of Accidents,99925,23.0814341634, 45.5857512766,Riyadh,495307,,
545,2017,Riyadh,No. of Accidents,99925,23.0814341634, 45.5857512766,Al-Baha,4131,,
546,2017,Riyadh,No. of Casualties - Injured,4540,23.0814341634, 45.5857512766,Hail,22035,17.2072313962, 42.6525807422
547,2017,Riyadh,No. of Casualties - Injured,4540,23.0814341634, 45.5857512766,Northern Boarder,5280,23.2883307307, 50.1478302439
548,2017,Riyadh,No. of Casualties - Injured,4540,23.0814341634, 45.5857512766,Al-Qaseem,6318,,
549,2017,Riyadh,No. of Casualties - Injured,4540,23.0814341634, 45.5857512766,Eastern,126816,,
550,2017,Riyadh,No. of Casualties - Injured,4540,23.0814341634, 45.5857512766,Tabouk,10232,,
551,2017,Riyadh,No. of Casualties - Injured,4540,23.0814341634, 45.5857512766,Makkah,142487,,
552,2017,Riyadh,No. of Casualties - Injured,4540,23.0814341634, 45.5857512766,Najran,13825,,
553,2017,Riyadh,No. of Casualties - Injured,4540,23.0814341634, 45.5857512766,Al-Jouf,8091,,
554,2017,Riyadh,No. of Casualties - Injured,4540,23.0814341634, 45.5857512766,Madinah,36165,,
555,2017,Riyadh,No. of Casualties - Injured,4540,23.0814341634, 45.5857512766,Assir,39133,,
556,2017,Riyadh,No. of Casualties - Injured,4540,23.0814341634, 45.5857512766,Jazan,18345,,
557,2017,Riyadh,No. of Casualties - Injured,4540,23.0814341634, 45.5857512766,Riyadh,495307,,
558,2017,Riyadh,No. of Casualties - Injured,4540,23.0814341634, 45.5857512766,Al-Baha,4131,,
559,2017,Madinah,No. of Casualties - Dead,580,24.927534539, 39.4918237173,Hail,22035,17.2072313962, 42.6525807422
560,2017,Madinah,No. of Casualties - Dead,580,24.927534539, 39.4918237173,Northern Boarder,5280,23.2883307307, 50.1478302439
561,2017,Madinah,No. of Casualties - Dead,580,24.927534539, 39.4918237173,Al-Qaseem,6318,,
562,2017,Madinah,No. of Casualties - Dead,580,24.927534539, 39.4918237173,Eastern,126816,,
563,2017,Madinah,No. of Casualties - Dead,580,24.927534539, 39.4918237173,Tabouk,10232,,
564,2017,Madinah,No. of Casualties - Dead,580,24.927534539, 39.4918237173,Makkah,142487,,
565,2017,Madinah,No. of Casualties - Dead,580,24.927534539, 39.4918237173,Najran,13825,,
566,2017,Madinah,No. of Casualties - Dead,580,24.927534539, 39.4918237173,Al-Jouf,8091,,
567,2017,Madinah,No. of Casualties - Dead,580,24.927534539, 39.4918237173,Madinah,36165,,
568,2017,Madinah,No. of Casualties - Dead,580,24.927534539, 39.4918237173,Assir,39133,,
569,2017,Madinah,No. of Casualties - Dead,580,24.927534539, 39.4918237173,Jazan,18345,,
570,2017,Madinah,No. of Casualties - Dead,580,24.927534539, 39.4918237173,Riyadh,495307,,
571,2017,Madinah,No. of Casualties - Dead,580,24.927534539, 39.4918237173,Al-Baha,4131,,
572,2017,Qassim,No. of Accidents,22405,26.1967063704, 43.3429998455,Hail,22035,17.2072313962, 42.6525807422
573,2017,Qassim,No. of Accidents,22405,26.1967063704, 43.3429998455,Northern Boarder,5280,23.2883307307, 50.1478302439
574,2017,Qassim,No. of Accidents,22405,26.1967063704, 43.3429998455,Al-Qaseem,6318,,
575,2017,Qassim,No. of Accidents,22405,26.1967063704, 43.3429998455,Eastern,126816,,
576,2017,Qassim,No. of Accidents,22405,26.1967063704, 43.3429998455,Tabouk,10232,,
577,2017,Qassim,No. of Accidents,22405,26.1967063704, 43.3429998455,Makkah,142487,,
578,2017,Qassim,No. of Accidents,22405,26.1967063704, 43.3429998455,Najran,13825,,
579,2017,Qassim,No. of Accidents,22405,26.1967063704, 43.3429998455,Al-Jouf,8091,,
580,2017,Qassim,No. of Accidents,22405,26.1967063704, 43.3429998455,Madinah,36165,,
581,2017,Qassim,No. of Accidents,22405,26.1967063704, 43.3429998455,Assir,39133,,
582,2017,Qassim,No. of Accidents,22405,26.1967063704, 43.3429998455,Jazan,18345,,
583,2017,Qassim,No. of Accidents,22405,26.1967063704, 43.3429998455,Riyadh,495307,,
584,2017,Qassim,No. of Accidents,22405,26.1967063704, 43.3429998455,Al-Baha,4131,,
585,2017,Eastern Region,No. of Accidents,81433,23.2883307307, 50.1478302439,Hail,22035,17.2072313962, 42.6525807422
586,2017,Eastern Region,No. of Accidents,81433,23.2883307307, 50.1478302439,Northern Boarder,5280,23.2883307307, 50.1478302439
587,2017,Eastern Region,No. of Accidents,81433,23.2883307307, 50.1478302439,Al-Qaseem,6318,,
588,2017,Eastern Region,No. of Accidents,81433,23.2883307307, 50.1478302439,Eastern,126816,,
589,2017,Eastern Region,No. of Accidents,81433,23.2883307307, 50.1478302439,Tabouk,10232,,
590,2017,Eastern Region,No. of Accidents,81433,23.2883307307, 50.1478302439,Makkah,142487,,
591,2017,Eastern Region,No. of Accidents,81433,23.2883307307, 50.1478302439,Najran,13825,,
592,2017,Eastern Region,No. of Accidents,81433,23.2883307307, 50.1478302439,Al-Jouf,8091,,
593,2017,Eastern Region,No. of Accidents,81433,23.2883307307, 50.1478302439,Madinah,36165,,
594,2017,Eastern Region,No. of Accidents,81433,23.2883307307, 50.1478302439,Assir,39133,,
595,2017,Eastern Region,No. of Accidents,81433,23.2883307307, 50.1478302439,Jazan,18345,,
596,2017,Eastern Region,No. of Accidents,81433,23.2883307307, 50.1478302439,Riyadh,495307,,
597,2017,Eastern Region,No. of Accidents,81433,23.2883307307, 50.1478302439,Al-Baha,4131,,
598,2017,Tabouk,No. of Accidents,11713,27.90165499, 37.2598581394,Hail,22035,17.2072313962, 42.6525807422
599,2017,Tabouk,No. of Accidents,11713,27.90165499, 37.2598581394,Northern Boarder,5280,23.2883307307, 50.1478302439
600,2017,Tabouk,No. of Accidents,11713,27.90165499, 37.2598581394,Al-Qaseem,6318,,
601,2017,Tabouk,No. of Accidents,11713,27.90165499, 37.2598581394,Eastern,126816,,
602,2017,Tabouk,No. of Accidents,11713,27.90165499, 37.2598581394,Tabouk,10232,,
603,2017,Tabouk,No. of Accidents,11713,27.90165499, 37.2598581394,Makkah,142487,,
604,2017,Tabouk,No. of Accidents,11713,27.90165499, 37.2598581394,Najran,13825,,
605,2017,Tabouk,No. of Accidents,11713,27.90165499, 37.2598581394,Al-Jouf,8091,,
606,2017,Tabouk,No. of Accidents,11713,27.90165499, 37.2598581394,Madinah,36165,,
607,2017,Tabouk,No. of Accidents,11713,27.90165499, 37.2598581394,Assir,39133,,
608,2017,Tabouk,No. of Accidents,11713,27.90165499, 37.2598581394,Jazan,18345,,
609,2017,Tabouk,No. of Accidents,11713,27.90165499, 37.2598581394,Riyadh,495307,,
610,2017,Tabouk,No. of Accidents,11713,27.90165499, 37.2598581394,Al-Baha,4131,,
611,2017,Northern Boarder,No. of Accidents,11540,30.197074783, 41.8171186952,Hail,22035,17.2072313962, 42.6525807422
612,2017,Northern Boarder,No. of Accidents,11540,30.197074783, 41.8171186952,Northern Boarder,5280,23.2883307307, 50.1478302439
613,2017,Northern Boarder,No. of Accidents,11540,30.197074783, 41.8171186952,Al-Qaseem,6318,,
614,2017,Northern Boarder,No. of Accidents,11540,30.197074783, 41.8171186952,Eastern,126816,,
615,2017,Northern Boarder,No. of Accidents,11540,30.197074783, 41.8171186952,Tabouk,10232,,
616,2017,Northern Boarder,No. of Accidents,11540,30.197074783, 41.8171186952,Makkah,142487,,
617,2017,Northern Boarder,No. of Accidents,11540,30.197074783, 41.8171186952,Najran,13825,,
618,2017,Northern Boarder,No. of Accidents,11540,30.197074783, 41.8171186952,Al-Jouf,8091,,
619,2017,Northern Boarder,No. of Accidents,11540,30.197074783, 41.8171186952,Madinah,36165,,
620,2017,Northern Boarder,No. of Accidents,11540,30.197074783, 41.8171186952,Assir,39133,,
621,2017,Northern Boarder,No. of Accidents,11540,30.197074783, 41.8171186952,Jazan,18345,,
622,2017,Northern Boarder,No. of Accidents,11540,30.197074783, 41.8171186952,Riyadh,495307,,
623,2017,Northern Boarder,No. of Accidents,11540,30.197074783, 41.8171186952,Al-Baha,4131,,
624,2017,Jazan,No. of Casualties - Dead,466,17.2072313962, 42.6525807422,Hail,22035,17.2072313962, 42.6525807422
625,2017,Jazan,No. of Casualties - Dead,466,17.2072313962, 42.6525807422,Northern Boarder,5280,23.2883307307, 50.1478302439
626,2017,Jazan,No. of Casualties - Dead,466,17.2072313962, 42.6525807422,Al-Qaseem,6318,,
627,2017,Jazan,No. of Casualties - Dead,466,17.2072313962, 42.6525807422,Eastern,126816,,
628,2017,Jazan,No. of Casualties - Dead,466,17.2072313962, 42.6525807422,Tabouk,10232,,
629,2017,Jazan,No. of Casualties - Dead,466,17.2072313962, 42.6525807422,Makkah,142487,,
630,2017,Jazan,No. of Casualties - Dead,466,17.2072313962, 42.6525807422,Najran,13825,,
631,2017,Jazan,No. of Casualties - Dead,466,17.2072313962, 42.6525807422,Al-Jouf,8091,,
632,2017,Jazan,No. of Casualties - Dead,466,17.2072313962, 42.6525807422,Madinah,36165,,
633,2017,Jazan,No. of Casualties - Dead,466,17.2072313962, 42.6525807422,Assir,39133,,
634,2017,Jazan,No. of Casualties - Dead,466,17.2072313962, 42.6525807422,Jazan,18345,,
635,2017,Jazan,No. of Casualties - Dead,466,17.2072313962, 42.6525807422,Riyadh,495307,,
636,2017,Jazan,No. of Casualties - Dead,466,17.2072313962, 42.6525807422,Al-Baha,4131,,
637,2017,Jazan,No. of Casualties - Injured,2207,17.2072313962, 42.6525807422,Hail,22035,17.2072313962, 42.6525807422
638,2017,Jazan,No. of Casualties - Injured,2207,17.2072313962, 42.6525807422,Northern Boarder,5280,23.2883307307, 50.1478302439
639,2017,Jazan,No. of Casualties - Injured,2207,17.2072313962, 42.6525807422,Al-Qaseem,6318,,
640,2017,Jazan,No. of Casualties - Injured,2207,17.2072313962, 42.6525807422,Eastern,126816,,
641,2017,Jazan,No. of Casualties - Injured,2207,17.2072313962, 42.6525807422,Tabouk,10232,,
642,2017,Jazan,No. of Casualties - Injured,2207,17.2072313962, 42.6525807422,Makkah,142487,,
643,2017,Jazan,No. of Casualties - Injured,2207,17.2072313962, 42.6525807422,Najran,13825,,
644,2017,Jazan,No. of Casualties - Injured,2207,17.2072313962, 42.6525807422,Al-Jouf,8091,,
645,2017,Jazan,No. of Casualties - Injured,2207,17.2072313962, 42.6525807422,Madinah,36165,,
646,2017,Jazan,No. of Casualties - Injured,2207,17.2072313962, 42.6525807422,Assir,39133,,
647,2017,Jazan,No. of Casualties - Injured,2207,17.2072313962, 42.6525807422,Jazan,18345,,
648,2017,Jazan,No. of Casualties - Injured,2207,17.2072313962, 42.6525807422,Riyadh,495307,,
649,2017,Jazan,No. of Casualties - Injured,2207,17.2072313962, 42.6525807422,Al-Baha,4131,,
650,2017,Najran,No. of Casualties - Dead,194,18.4511003068, 46.8688495726,Hail,22035,17.2072313962, 42.6525807422
651,2017,Najran,No. of Casualties - Dead,194,18.4511003068, 46.8688495726,Northern Boarder,5280,23.2883307307, 50.1478302439
652,2017,Najran,No. of Casualties - Dead,194,18.4511003068, 46.8688495726,Al-Qaseem,6318,,
653,2017,Najran,No. of Casualties - Dead,194,18.4511003068, 46.8688495726,Eastern,126816,,
654,2017,Najran,No. of Casualties - Dead,194,18.4511003068, 46.8688495726,Tabouk,10232,,
655,2017,Najran,No. of Casualties - Dead,194,18.4511003068, 46.8688495726,Makkah,142487,,
656,2017,Najran,No. of Casualties - Dead,194,18.4511003068, 46.8688495726,Najran,13825,,
657,2017,Najran,No. of Casualties - Dead,194,18.4511003068, 46.8688495726,Al-Jouf,8091,,
658,2017,Najran,No. of Casualties - Dead,194,18.4511003068, 46.8688495726,Madinah,36165,,
659,2017,Najran,No. of Casualties - Dead,194,18.4511003068, 46.8688495726,Assir,39133,,
660,2017,Najran,No. of Casualties - Dead,194,18.4511003068, 46.8688495726,Jazan,18345,,
661,2017,Najran,No. of Casualties - Dead,194,18.4511003068, 46.8688495726,Riyadh,495307,,
662,2017,Najran,No. of Casualties - Dead,194,18.4511003068, 46.8688495726,Al-Baha,4131,,
663,2017,Al-Jouf,No. of Casualties - Injured,862,29.9677445762, 39.5570371172,Hail,22035,17.2072313962, 42.6525807422
664,2017,Al-Jouf,No. of Casualties - Injured,862,29.9677445762, 39.5570371172,Northern Boarder,5280,23.2883307307, 50.1478302439
665,2017,Al-Jouf,No. of Casualties - Injured,862,29.9677445762, 39.5570371172,Al-Qaseem,6318,,
666,2017,Al-Jouf,No. of Casualties - Injured,862,29.9677445762, 39.5570371172,Eastern,126816,,
667,2017,Al-Jouf,No. of Casualties - Injured,862,29.9677445762, 39.5570371172,Tabouk,10232,,
668,2017,Al-Jouf,No. of Casualties - Injured,862,29.9677445762, 39.5570371172,Makkah,142487,,
669,2017,Al-Jouf,No. of Casualties - Injured,862,29.9677445762, 39.5570371172,Najran,13825,,
670,2017,Al-Jouf,No. of Casualties - Injured,862,29.9677445762, 39.5570371172,Al-Jouf,8091,,
671,2017,Al-Jouf,No. of Casualties - Injured,862,29.9677445762, 39.5570371172,Madinah,36165,,
672,2017,Al-Jouf,No. of Casualties - Injured,862,29.9677445762, 39.5570371172,Assir,39133,,
673,2017,Al-Jouf,No. of Casualties - Injured,862,29.9677445762, 39.5570371172,Jazan,18345,,
674,2017,Al-Jouf,No. of Casualties - Injured,862,29.9677445762, 39.5570371172,Riyadh,495307,,
675,2017,Al-Jouf,No. of Casualties - Injured,862,29.9677445762, 39.5570371172,Al-Baha,4131,,
676,2017,Qassim,No. of Casualties - Injured,1446,26.1967063704, 43.3429998455,Hail,22035,17.2072313962, 42.6525807422
677,2017,Qassim,No. of Casualties - Injured,1446,26.1967063704, 43.3429998455,Northern Boarder,5280,23.2883307307, 50.1478302439
678,2017,Qassim,No. of Casualties - Injured,1446,26.1967063704, 43.3429998455,Al-Qaseem,6318,,
679,2017,Qassim,No. of Casualties - Injured,1446,26.1967063704, 43.3429998455,Eastern,126816,,
680,2017,Qassim,No. of Casualties - Injured,1446,26.1967063704, 43.3429998455,Tabouk,10232,,
681,2017,Qassim,No. of Casualties - Injured,1446,26.1967063704, 43.3429998455,Makkah,142487,,
682,2017,Qassim,No. of Casualties - Injured,1446,26.1967063704, 43.3429998455,Najran,13825,,
683,2017,Qassim,No. of Casualties - Injured,1446,26.1967063704, 43.3429998455,Al-Jouf,8091,,
684,2017,Qassim,No. of Casualties - Injured,1446,26.1967063704, 43.3429998455,Madinah,36165,,
685,2017,Qassim,No. of Casualties - Injured,1446,26.1967063704, 43.3429998455,Assir,39133,,
686,2017,Qassim,No. of Casualties - Injured,1446,26.1967063704, 43.3429998455,Jazan,18345,,
687,2017,Qassim,No. of Casualties - Injured,1446,26.1967063704, 43.3429998455,Riyadh,495307,,
688,2017,Qassim,No. of Casualties - Injured,1446,26.1967063704, 43.3429998455,Al-Baha,4131,,
689,2017,Eastern Region,No. of Casualties - Dead,963,23.2883307307, 50.1478302439,Hail,22035,17.2072313962, 42.6525807422
690,2017,Eastern Region,No. of Casualties - Dead,963,23.2883307307, 50.1478302439,Northern Boarder,5280,23.2883307307, 50.1478302439
691,2017,Eastern Region,No. of Casualties - Dead,963,23.2883307307, 50.1478302439,Al-Qaseem,6318,,
692,2017,Eastern Region,No. of Casualties - Dead,963,23.2883307307, 50.1478302439,Eastern,126816,,
693,2017,Eastern Region,No. of Casualties - Dead,963,23.2883307307, 50.1478302439,Tabouk,10232,,
694,2017,Eastern Region,No. of Casualties - Dead,963,23.2883307307, 50.1478302439,Makkah,142487,,
695,2017,Eastern Region,No. of Casualties - Dead,963,23.2883307307, 50.1478302439,Najran,13825,,
696,2017,Eastern Region,No. of Casualties - Dead,963,23.2883307307, 50.1478302439,Al-Jouf,8091,,
697,2017,Eastern Region,No. of Casualties - Dead,963,23.2883307307, 50.1478302439,Madinah,36165,,
698,2017,Eastern Region,No. of Casualties - Dead,963,23.2883307307, 50.1478302439,Assir,39133,,
699,2017,Eastern Region,No. of Casualties - Dead,963,23.2883307307, 50.1478302439,Jazan,18345,,
700,2017,Eastern Region,No. of Casualties - Dead,963,23.2883307307, 50.1478302439,Riyadh,495307,,
701,2017,Eastern Region,No. of Casualties - Dead,963,23.2883307307, 50.1478302439,Al-Baha,4131,,
702,2017,Makkah,No. of Casualties - Injured,10623,21.628962766, 41.2636898334,Hail,22035,17.2072313962, 42.6525807422
703,2017,Makkah,No. of Casualties - Injured,10623,21.628962766, 41.2636898334,Northern Boarder,5280,23.2883307307, 50.1478302439
704,2017,Makkah,No. of Casualties - Injured,10623,21.628962766, 41.2636898334,Al-Qaseem,6318,,
705,2017,Makkah,No. of Casualties - Injured,10623,21.628962766, 41.2636898334,Eastern,126816,,
706,2017,Makkah,No. of Casualties - Injured,10623,21.628962766, 41.2636898334,Tabouk,10232,,
707,2017,Makkah,No. of Casualties - Injured,10623,21.628962766, 41.2636898334,Makkah,142487,,
708,2017,Makkah,No. of Casualties - Injured,10623,21.628962766, 41.2636898334,Najran,13825,,
709,2017,Makkah,No. of Casualties - Injured,10623,21.628962766, 41.2636898334,Al-Jouf,8091,,
710,2017,Makkah,No. of Casualties - Injured,10623,21.628962766, 41.2636898334,Madinah,36165,,
711,2017,Makkah,No. of Casualties - Injured,10623,21.628962766, 41.2636898334,Assir,39133,,
712,2017,Makkah,No. of Casualties - Injured,10623,21.628962766, 41.2636898334,Jazan,18345,,
713,2017,Makkah,No. of Casualties - Injured,10623,21.628962766, 41.2636898334,Riyadh,495307,,
714,2017,Makkah,No. of Casualties - Injured,10623,21.628962766, 41.2636898334,Al-Baha,4131,,
715,2017,Madinah,No. of Casualties - Injured,2917,24.927534539, 39.4918237173,Hail,22035,17.2072313962, 42.6525807422
716,2017,Madinah,No. of Casualties - Injured,2917,24.927534539, 39.4918237173,Northern Boarder,5280,23.2883307307, 50.1478302439
717,2017,Madinah,No. of Casualties - Injured,2917,24.927534539, 39.4918237173,Al-Qaseem,6318,,
718,2017,Madinah,No. of Casualties - Injured,2917,24.927534539, 39.4918237173,Eastern,126816,,
719,2017,Madinah,No. of Casualties - Injured,2917,24.927534539, 39.4918237173,Tabouk,10232,,
720,2017,Madinah,No. of Casualties - Injured,2917,24.927534539, 39.4918237173,Makkah,142487,,
721,2017,Madinah,No. of Casualties - Injured,2917,24.927534539, 39.4918237173,Najran,13825,,
722,2017,Madinah,No. of Casualties - Injured,2917,24.927534539, 39.4918237173,Al-Jouf,8091,,
723,2017,Madinah,No. of Casualties - Injured,2917,24.927534539, 39.4918237173,Madinah,36165,,
724,2017,Madinah,No. of Casualties - Injured,2917,24.927534539, 39.4918237173,Assir,39133,,
725,2017,Madinah,No. of Casualties - Injured,2917,24.927534539, 39.4918237173,Jazan,18345,,
726,2017,Madinah,No. of Casualties - Injured,2917,24.927534539, 39.4918237173,Riyadh,495307,,
727,2017,Madinah,No. of Casualties - Injured,2917,24.927534539, 39.4918237173,Al-Baha,4131,,
728,2017,Asir,No. of Accidents,25245,19.1387847401, 42.941470036,Hail,22035,17.2072313962, 42.6525807422
729,2017,Asir,No. of Accidents,25245,19.1387847401, 42.941470036,Northern Boarder,5280,23.2883307307, 50.1478302439
730,2017,Asir,No. of Accidents,25245,19.1387847401, 42.941470036,Al-Qaseem,6318,,
731,2017,Asir,No. of Accidents,25245,19.1387847401, 42.941470036,Eastern,126816,,
732,2017,Asir,No. of Accidents,25245,19.1387847401, 42.941470036,Tabouk,10232,,
733,2017,Asir,No. of Accidents,25245,19.1387847401, 42.941470036,Makkah,142487,,
734,2017,Asir,No. of Accidents,25245,19.1387847401, 42.941470036,Najran,13825,,
735,2017,Asir,No. of Accidents,25245,19.1387847401, 42.941470036,Al-Jouf,8091,,
736,2017,Asir,No. of Accidents,25245,19.1387847401, 42.941470036,Madinah,36165,,
737,2017,Asir,No. of Accidents,25245,19.1387847401, 42.941470036,Assir,39133,,
738,2017,Asir,No. of Accidents,25245,19.1387847401, 42.941470036,Jazan,18345,,
739,2017,Asir,No. of Accidents,25245,19.1387847401, 42.941470036,Riyadh,495307,,
740,2017,Asir,No. of Accidents,25245,19.1387847401, 42.941470036,Al-Baha,4131,,
741,2017,Tabouk,No. of Casualties - Injured,1243,27.90165499, 37.2598581394,Hail,22035,17.2072313962, 42.6525807422
742,2017,Tabouk,No. of Casualties - Injured,1243,27.90165499, 37.2598581394,Northern Boarder,5280,23.2883307307, 50.1478302439
743,2017,Tabouk,No. of Casualties - Injured,1243,27.90165499, 37.2598581394,Al-Qaseem,6318,,
744,2017,Tabouk,No. of Casualties - Injured,1243,27.90165499, 37.2598581394,Eastern,126816,,
745,2017,Tabouk,No. of Casualties - Injured,1243,27.90165499, 37.2598581394,Tabouk,10232,,
746,2017,Tabouk,No. of Casualties - Injured,1243,27.90165499, 37.2598581394,Makkah,142487,,
747,2017,Tabouk,No. of Casualties - Injured,1243,27.90165499, 37.2598581394,Najran,13825,,
748,2017,Tabouk,No. of Casualties - Injured,1243,27.90165499, 37.2598581394,Al-Jouf,8091,,
749,2017,Tabouk,No. of Casualties - Injured,1243,27.90165499, 37.2598581394,Madinah,36165,,
750,2017,Tabouk,No. of Casualties - Injured,1243,27.90165499, 37.2598581394,Assir,39133,,
751,2017,Tabouk,No. of Casualties - Injured,1243,27.90165499, 37.2598581394,Jazan,18345,,
752,2017,Tabouk,No. of Casualties - Injured,1243,27.90165499, 37.2598581394,Riyadh,495307,,
753,2017,Tabouk,No. of Casualties - Injured,1243,27.90165499, 37.2598581394,Al-Baha,4131,,
754,2017,Hail,No. of Casualties - Dead,265,27.400845724, 41.4406960508,Hail,22035,17.2072313962, 42.6525807422
755,2017,Hail,No. of Casualties - Dead,265,27.400845724, 41.4406960508,Northern Boarder,5280,23.2883307307, 50.1478302439
756,2017,Hail,No. of Casualties - Dead,265,27.400845724, 41.4406960508,Al-Qaseem,6318,,
757,2017,Hail,No. of Casualties - Dead,265,27.400845724, 41.4406960508,Eastern,126816,,
758,2017,Hail,No. of Casualties - Dead,265,27.400845724, 41.4406960508,Tabouk,10232,,
759,2017,Hail,No. of Casualties - Dead,265,27.400845724, 41.4406960508,Makkah,142487,,
760,2017,Hail,No. of Casualties - Dead,265,27.400845724, 41.4406960508,Najran,13825,,
761,2017,Hail,No. of Casualties - Dead,265,27.400845724, 41.4406960508,Al-Jouf,8091,,
762,2017,Hail,No. of Casualties - Dead,265,27.400845724, 41.4406960508,Madinah,36165,,
763,2017,Hail,No. of Casualties - Dead,265,27.400845724, 41.4406960508,Assir,39133,,
764,2017,Hail,No. of Casualties - Dead,265,27.400845724, 41.4406960508,Jazan,18345,,
765,2017,Hail,No. of Casualties - Dead,265,27.400845724, 41.4406960508,Riyadh,495307,,
766,2017,Hail,No. of Casualties - Dead,265,27.400845724, 41.4406960508,Al-Baha,4131,,
767,2017,Northern Boarder,No. of Casualties - Dead,112,30.197074783, 41.8171186952,Hail,22035,17.2072313962, 42.6525807422
768,2017,Northern Boarder,No. of Casualties - Dead,112,30.197074783, 41.8171186952,Northern Boarder,5280,23.2883307307, 50.1478302439
769,2017,Northern Boarder,No. of Casualties - Dead,112,30.197074783, 41.8171186952,Al-Qaseem,6318,,
770,2017,Northern Boarder,No. of Casualties - Dead,112,30.197074783, 41.8171186952,Eastern,126816,,
771,2017,Northern Boarder,No. of Casualties - Dead,112,30.197074783, 41.8171186952,Tabouk,10232,,
772,2017,Northern Boarder,No. of Casualties - Dead,112,30.197074783, 41.8171186952,Makkah,142487,,
773,2017,Northern Boarder,No. of Casualties - Dead,112,30.197074783, 41.8171186952,Najran,13825,,
774,2017,Northern Boarder,No. of Casualties - Dead,112,30.197074783, 41.8171186952,Al-Jouf,8091,,
775,2017,Northern Boarder,No. of Casualties - Dead,112,30.197074783, 41.8171186952,Madinah,36165,,
776,2017,Northern Boarder,No. of Casualties - Dead,112,30.197074783, 41.8171186952,Assir,39133,,
777,2017,Northern Boarder,No. of Casualties - Dead,112,30.197074783, 41.8171186952,Jazan,18345,,
778,2017,Northern Boarder,No. of Casualties - Dead,112,30.197074783, 41.8171186952,Riyadh,495307,,
779,2017,Northern Boarder,No. of Casualties - Dead,112,30.197074783, 41.8171186952,Al-Baha,4131,,
780,2017,Northern Boarder,No. of Casualties - Injured,374,30.197074783, 41.8171186952,Hail,22035,17.2072313962, 42.6525807422
781,2017,Northern Boarder,No. of Casualties - Injured,374,30.197074783, 41.8171186952,Northern Boarder,5280,23.2883307307, 50.1478302439
782,2017,Northern Boarder,No. of Casualties - Injured,374,30.197074783, 41.8171186952,Al-Qaseem,6318,,
783,2017,Northern Boarder,No. of Casualties - Injured,374,30.197074783, 41.8171186952,Eastern,126816,,
784,2017,Northern Boarder,No. of Casualties - Injured,374,30.197074783, 41.8171186952,Tabouk,10232,,
785,2017,Northern Boarder,No. of Casualties - Injured,374,30.197074783, 41.8171186952,Makkah,142487,,
786,2017,Northern Boarder,No. of Casualties - Injured,374,30.197074783, 41.8171186952,Najran,13825,,
787,2017,Northern Boarder,No. of Casualties - Injured,374,30.197074783, 41.8171186952,Al-Jouf,8091,,
788,2017,Northern Boarder,No. of Casualties - Injured,374,30.197074783, 41.8171186952,Madinah,36165,,
789,2017,Northern Boarder,No. of Casualties - Injured,374,30.197074783, 41.8171186952,Assir,39133,,
790,2017,Northern Boarder,No. of Casualties - Injured,374,30.197074783, 41.8171186952,Jazan,18345,,
791,2017,Northern Boarder,No. of Casualties - Injured,374,30.197074783, 41.8171186952,Riyadh,495307,,
792,2017,Northern Boarder,No. of Casualties - Injured,374,30.197074783, 41.8171186952,Al-Baha,4131,,
793,2017,Najran,No. of Accidents,3193,18.4511003068, 46.8688495726,Hail,22035,17.2072313962, 42.6525807422
794,2017,Najran,No. of Accidents,3193,18.4511003068, 46.8688495726,Northern Boarder,5280,23.2883307307, 50.1478302439
795,2017,Najran,No. of Accidents,3193,18.4511003068, 46.8688495726,Al-Qaseem,6318,,
796,2017,Najran,No. of Accidents,3193,18.4511003068, 46.8688495726,Eastern,126816,,
797,2017,Najran,No. of Accidents,3193,18.4511003068, 46.8688495726,Tabouk,10232,,
798,2017,Najran,No. of Accidents,3193,18.4511003068, 46.8688495726,Makkah,142487,,
799,2017,Najran,No. of Accidents,3193,18.4511003068, 46.8688495726,Najran,13825,,
800,2017,Najran,No. of Accidents,3193,18.4511003068, 46.8688495726,Al-Jouf,8091,,
801,2017,Najran,No. of Accidents,3193,18.4511003068, 46.8688495726,Madinah,36165,,
802,2017,Najran,No. of Accidents,3193,18.4511003068, 46.8688495726,Assir,39133,,
803,2017,Najran,No. of Accidents,3193,18.4511003068, 46.8688495726,Jazan,18345,,
804,2017,Najran,No. of Accidents,3193,18.4511003068, 46.8688495726,Riyadh,495307,,
805,2017,Najran,No. of Accidents,3193,18.4511003068, 46.8688495726,Al-Baha,4131,,
806,2017,Al-Jouf,No. of Casualties - Dead,240,29.9677445762, 39.5570371172,Hail,22035,17.2072313962, 42.6525807422
807,2017,Al-Jouf,No. of Casualties - Dead,240,29.9677445762, 39.5570371172,Northern Boarder,5280,23.2883307307, 50.1478302439
808,2017,Al-Jouf,No. of Casualties - Dead,240,29.9677445762, 39.5570371172,Al-Qaseem,6318,,
809,2017,Al-Jouf,No. of Casualties - Dead,240,29.9677445762, 39.5570371172,Eastern,126816,,
810,2017,Al-Jouf,No. of Casualties - Dead,240,29.9677445762, 39.5570371172,Tabouk,10232,,
811,2017,Al-Jouf,No. of Casualties - Dead,240,29.9677445762, 39.5570371172,Makkah,142487,,
812,2017,Al-Jouf,No. of Casualties - Dead,240,29.9677445762, 39.5570371172,Najran,13825,,
813,2017,Al-Jouf,No. of Casualties - Dead,240,29.9677445762, 39.5570371172,Al-Jouf,8091,,
814,2017,Al-Jouf,No. of Casualties - Dead,240,29.9677445762, 39.5570371172,Madinah,36165,,
815,2017,Al-Jouf,No. of Casualties - Dead,240,29.9677445762, 39.5570371172,Assir,39133,,
816,2017,Al-Jouf,No. of Casualties - Dead,240,29.9677445762, 39.5570371172,Jazan,18345,,
817,2017,Al-Jouf,No. of Casualties - Dead,240,29.9677445762, 39.5570371172,Riyadh,495307,,
818,2017,Al-Jouf,No. of Casualties - Dead,240,29.9677445762, 39.5570371172,Al-Baha,4131,,
819,2017,Madinah,No. of Accidents,16070,24.927534539, 39.4918237173,Hail,22035,17.2072313962, 42.6525807422
820,2017,Madinah,No. of Accidents,16070,24.927534539, 39.4918237173,Northern Boarder,5280,23.2883307307, 50.1478302439
821,2017,Madinah,No. of Accidents,16070,24.927534539, 39.4918237173,Al-Qaseem,6318,,
822,2017,Madinah,No. of Accidents,16070,24.927534539, 39.4918237173,Eastern,126816,,
823,2017,Madinah,No. of Accidents,16070,24.927534539, 39.4918237173,Tabouk,10232,,
824,2017,Madinah,No. of Accidents,16070,24.927534539, 39.4918237173,Makkah,142487,,
825,2017,Madinah,No. of Accidents,16070,24.927534539, 39.4918237173,Najran,13825,,
826,2017,Madinah,No. of Accidents,16070,24.927534539, 39.4918237173,Al-Jouf,8091,,
827,2017,Madinah,No. of Accidents,16070,24.927534539, 39.4918237173,Madinah,36165,,
828,2017,Madinah,No. of Accidents,16070,24.927534539, 39.4918237173,Assir,39133,,
829,2017,Madinah,No. of Accidents,16070,24.927534539, 39.4918237173,Jazan,18345,,
830,2017,Madinah,No. of Accidents,16070,24.927534539, 39.4918237173,Riyadh,495307,,
831,2017,Madinah,No. of Accidents,16070,24.927534539, 39.4918237173,Al-Baha,4131,,
832,2017,Qassim,No. of Casualties - Dead,319,26.1967063704, 43.3429998455,Hail,22035,17.2072313962, 42.6525807422
833,2017,Qassim,No. of Casualties - Dead,319,26.1967063704, 43.3429998455,Northern Boarder,5280,23.2883307307, 50.1478302439
834,2017,Qassim,No. of Casualties - Dead,319,26.1967063704, 43.3429998455,Al-Qaseem,6318,,
835,2017,Qassim,No. of Casualties - Dead,319,26.1967063704, 43.3429998455,Eastern,126816,,
836,2017,Qassim,No. of Casualties - Dead,319,26.1967063704, 43.3429998455,Tabouk,10232,,
837,2017,Qassim,No. of Casualties - Dead,319,26.1967063704, 43.3429998455,Makkah,142487,,
838,2017,Qassim,No. of Casualties - Dead,319,26.1967063704, 43.3429998455,Najran,13825,,
839,2017,Qassim,No. of Casualties - Dead,319,26.1967063704, 43.3429998455,Al-Jouf,8091,,
840,2017,Qassim,No. of Casualties - Dead,319,26.1967063704, 43.3429998455,Madinah,36165,,
841,2017,Qassim,No. of Casualties - Dead,319,26.1967063704, 43.3429998455,Assir,39133,,
842,2017,Qassim,No. of Casualties - Dead,319,26.1967063704, 43.3429998455,Jazan,18345,,
843,2017,Qassim,No. of Casualties - Dead,319,26.1967063704, 43.3429998455,Riyadh,495307,,
844,2017,Qassim,No. of Casualties - Dead,319,26.1967063704, 43.3429998455,Al-Baha,4131,,
845,2017,Eastern Region,No. of Casualties - Injured,4073,23.2883307307, 50.1478302439,Hail,22035,17.2072313962, 42.6525807422
846,2017,Eastern Region,No. of Casualties - Injured,4073,23.2883307307, 50.1478302439,Northern Boarder,5280,23.2883307307, 50.1478302439
847,2017,Eastern Region,No. of Casualties - Injured,4073,23.2883307307, 50.1478302439,Al-Qaseem,6318,,
848,2017,Eastern Region,No. of Casualties - Injured,4073,23.2883307307, 50.1478302439,Eastern,126816,,
849,2017,Eastern Region,No. of Casualties - Injured,4073,23.2883307307, 50.1478302439,Tabouk,10232,,
850,2017,Eastern Region,No. of Casualties - Injured,4073,23.2883307307, 50.1478302439,Makkah,142487,,
851,2017,Eastern Region,No. of Casualties - Injured,4073,23.2883307307, 50.1478302439,Najran,13825,,
852,2017,Eastern Region,No. of Casualties - Injured,4073,23.2883307307, 50.1478302439,Al-Jouf,8091,,
853,2017,Eastern Region,No. of Casualties - Injured,4073,23.2883307307, 50.1478302439,Madinah,36165,,
854,2017,Eastern Region,No. of Casualties - Injured,4073,23.2883307307, 50.1478302439,Assir,39133,,
855,2017,Eastern Region,No. of Casualties - Injured,4073,23.2883307307, 50.1478302439,Jazan,18345,,
856,2017,Eastern Region,No. of Casualties - Injured,4073,23.2883307307, 50.1478302439,Riyadh,495307,,
857,2017,Eastern Region,No. of Casualties - Injured,4073,23.2883307307, 50.1478302439,Al-Baha,4131,,
858,2017,Asir,No. of Casualties - Dead,828,19.1387847401, 42.941470036,Hail,22035,17.2072313962, 42.6525807422
859,2017,Asir,No. of Casualties - Dead,828,19.1387847401, 42.941470036,Northern Boarder,5280,23.2883307307, 50.1478302439
860,2017,Asir,No. of Casualties - Dead,828,19.1387847401, 42.941470036,Al-Qaseem,6318,,
861,2017,Asir,No. of Casualties - Dead,828,19.1387847401, 42.941470036,Eastern,126816,,
862,2017,Asir,No. of Casualties - Dead,828,19.1387847401, 42.941470036,Tabouk,10232,,
863,2017,Asir,No. of Casualties - Dead,828,19.1387847401, 42.941470036,Makkah,142487,,
864,2017,Asir,No. of Casualties - Dead,828,19.1387847401, 42.941470036,Najran,13825,,
865,2017,Asir,No. of Casualties - Dead,828,19.1387847401, 42.941470036,Al-Jouf,8091,,
866,2017,Asir,No. of Casualties - Dead,828,19.1387847401, 42.941470036,Madinah,36165,,
867,2017,Asir,No. of Casualties - Dead,828,19.1387847401, 42.941470036,Assir,39133,,
868,2017,Asir,No. of Casualties - Dead,828,19.1387847401, 42.941470036,Jazan,18345,,
869,2017,Asir,No. of Casualties - Dead,828,19.1387847401, 42.941470036,Riyadh,495307,,
870,2017,Asir,No. of Casualties - Dead,828,19.1387847401, 42.941470036,Al-Baha,4131,,
871,2017,Tabouk,No. of Casualties - Dead,348,27.90165499, 37.2598581394,Hail,22035,17.2072313962, 42.6525807422
872,2017,Tabouk,No. of Casualties - Dead,348,27.90165499, 37.2598581394,Northern Boarder,5280,23.2883307307, 50.1478302439
873,2017,Tabouk,No. of Casualties - Dead,348,27.90165499, 37.2598581394,Al-Qaseem,6318,,
874,2017,Tabouk,No. of Casualties - Dead,348,27.90165499, 37.2598581394,Eastern,126816,,
875,2017,Tabouk,No. of Casualties - Dead,348,27.90165499, 37.2598581394,Tabouk,10232,,
876,2017,Tabouk,No. of Casualties - Dead,348,27.90165499, 37.2598581394,Makkah,142487,,
877,2017,Tabouk,No. of Casualties - Dead,348,27.90165499, 37.2598581394,Najran,13825,,
878,2017,Tabouk,No. of Casualties - Dead,348,27.90165499, 37.2598581394,Al-Jouf,8091,,
879,2017,Tabouk,No. of Casualties - Dead,348,27.90165499, 37.2598581394,Madinah,36165,,
880,2017,Tabouk,No. of Casualties - Dead,348,27.90165499, 37.2598581394,Assir,39133,,
881,2017,Tabouk,No. of Casualties - Dead,348,27.90165499, 37.2598581394,Jazan,18345,,
882,2017,Tabouk,No. of Casualties - Dead,348,27.90165499, 37.2598581394,Riyadh,495307,,
883,2017,Tabouk,No. of Casualties - Dead,348,27.90165499, 37.2598581394,Al-Baha,4131,,
884,2017,Hail,No. of Accidents,9379,27.400845724, 41.4406960508,Hail,22035,17.2072313962, 42.6525807422
885,2017,Hail,No. of Accidents,9379,27.400845724, 41.4406960508,Northern Boarder,5280,23.2883307307, 50.1478302439
886,2017,Hail,No. of Accidents,9379,27.400845724, 41.4406960508,Al-Qaseem,6318,,
887,2017,Hail,No. of Accidents,9379,27.400845724, 41.4406960508,Eastern,126816,,
888,2017,Hail,No. of Accidents,9379,27.400845724, 41.4406960508,Tabouk,10232,,
889,2017,Hail,No. of Accidents,9379,27.400845724, 41.4406960508,Makkah,142487,,
890,2017,Hail,No. of Accidents,9379,27.400845724, 41.4406960508,Najran,13825,,
891,2017,Hail,No. of Accidents,9379,27.400845724, 41.4406960508,Al-Jouf,8091,,
892,2017,Hail,No. of Accidents,9379,27.400845724, 41.4406960508,Madinah,36165,,
893,2017,Hail,No. of Accidents,9379,27.400845724, 41.4406960508,Assir,39133,,
894,2017,Hail,No. of Accidents,9379,27.400845724, 41.4406960508,Jazan,18345,,
895,2017,Hail,No. of Accidents,9379,27.400845724, 41.4406960508,Riyadh,495307,,
896,2017,Hail,No. of Accidents,9379,27.400845724, 41.4406960508,Al-Baha,4131,,
897,2017,Najran,No. of Casualties - Injured,766,18.4511003068, 46.8688495726,Hail,22035,17.2072313962, 42.6525807422
898,2017,Najran,No. of Casualties - Injured,766,18.4511003068, 46.8688495726,Northern Boarder,5280,23.2883307307, 50.1478302439
899,2017,Najran,No. of Casualties - Injured,766,18.4511003068, 46.8688495726,Al-Qaseem,6318,,
900,2017,Najran,No. of Casualties - Injured,766,18.4511003068, 46.8688495726,Eastern,126816,,
901,2017,Najran,No. of Casualties - Injured,766,18.4511003068, 46.8688495726,Tabouk,10232,,
902,2017,Najran,No. of Casualties - Injured,766,18.4511003068, 46.8688495726,Makkah,142487,,
903,2017,Najran,No. of Casualties - Injured,766,18.4511003068, 46.8688495726,Najran,13825,,
904,2017,Najran,No. of Casualties - Injured,766,18.4511003068, 46.8688495726,Al-Jouf,8091,,
905,2017,Najran,No. of Casualties - Injured,766,18.4511003068, 46.8688495726,Madinah,36165,,
906,2017,Najran,No. of Casualties - Injured,766,18.4511003068, 46.8688495726,Assir,39133,,
907,2017,Najran,No. of Casualties - Injured,766,18.4511003068, 46.8688495726,Jazan,18345,,
908,2017,Najran,No. of Casualties - Injured,766,18.4511003068, 46.8688495726,Riyadh,495307,,
909,2017,Najran,No. of Casualties - Injured,766,18.4511003068, 46.8688495726,Al-Baha,4131,,
910,2017,Riyadh,No. of Casualties - Dead,1399,23.0814341634, 45.5857512766,Hail,22035,17.2072313962, 42.6525807422
911,2017,Riyadh,No. of Casualties - Dead,1399,23.0814341634, 45.5857512766,Northern Boarder,5280,23.2883307307, 50.1478302439
912,2017,Riyadh,No. of Casualties - Dead,1399,23.0814341634, 45.5857512766,Al-Qaseem,6318,,
913,2017,Riyadh,No. of Casualties - Dead,1399,23.0814341634, 45.5857512766,Eastern,126816,,
914,2017,Riyadh,No. of Casualties - Dead,1399,23.0814341634, 45.5857512766,Tabouk,10232,,
915,2017,Riyadh,No. of Casualties - Dead,1399,23.0814341634, 45.5857512766,Makkah,142487,,
916,2017,Riyadh,No. of Casualties - Dead,1399,23.0814341634, 45.5857512766,Najran,13825,,
917,2017,Riyadh,No. of Casualties - Dead,1399,23.0814341634, 45.5857512766,Al-Jouf,8091,,
918,2017,Riyadh,No. of Casualties - Dead,1399,23.0814341634, 45.5857512766,Madinah,36165,,
919,2017,Riyadh,No. of Casualties - Dead,1399,23.0814341634, 45.5857512766,Assir,39133,,
920,2017,Riyadh,No. of Casualties - Dead,1399,23.0814341634, 45.5857512766,Jazan,18345,,
921,2017,Riyadh,No. of Casualties - Dead,1399,23.0814341634, 45.5857512766,Riyadh,495307,,
922,2017,Riyadh,No. of Casualties - Dead,1399,23.0814341634, 45.5857512766,Al-Baha,4131,,
923,2017,Makkah,No. of Casualties - Dead,1641,21.628962766, 41.2636898334,Hail,22035,17.2072313962, 42.6525807422
924,2017,Makkah,No. of Casualties - Dead,1641,21.628962766, 41.2636898334,Northern Boarder,5280,23.2883307307, 50.1478302439
925,2017,Makkah,No. of Casualties - Dead,1641,21.628962766, 41.2636898334,Al-Qaseem,6318,,
926,2017,Makkah,No. of Casualties - Dead,1641,21.628962766, 41.2636898334,Eastern,126816,,
927,2017,Makkah,No. of Casualties - Dead,1641,21.628962766, 41.2636898334,Tabouk,10232,,
928,2017,Makkah,No. of Casualties - Dead,1641,21.628962766, 41.2636898334,Makkah,142487,,
929,2017,Makkah,No. of Casualties - Dead,1641,21.628962766, 41.2636898334,Najran,13825,,
930,2017,Makkah,No. of Casualties - Dead,1641,21.628962766, 41.2636898334,Al-Jouf,8091,,
931,2017,Makkah,No. of Casualties - Dead,1641,21.628962766, 41.2636898334,Madinah,36165,,
932,2017,Makkah,No. of Casualties - Dead,1641,21.628962766, 41.2636898334,Assir,39133,,
933,2017,Makkah,No. of Casualties - Dead,1641,21.628962766, 41.2636898334,Jazan,18345,,
934,2017,Makkah,No. of Casualties - Dead,1641,21.628962766, 41.2636898334,Riyadh,495307,,
935,2017,Makkah,No. of Casualties - Dead,1641,21.628962766, 41.2636898334,Al-Baha,4131,,
936,2017,Makkah,No. of Accidents,145541,21.628962766, 41.2636898334,Hail,22035,17.2072313962, 42.6525807422
937,2017,Makkah,No. of Accidents,145541,21.628962766, 41.2636898334,Northern Boarder,5280,23.2883307307, 50.1478302439
938,2017,Makkah,No. of Accidents,145541,21.628962766, 41.2636898334,Al-Qaseem,6318,,
939,2017,Makkah,No. of Accidents,145541,21.628962766, 41.2636898334,Eastern,126816,,
940,2017,Makkah,No. of Accidents,145541,21.628962766, 41.2636898334,Tabouk,10232,,
941,2017,Makkah,No. of Accidents,145541,21.628962766, 41.2636898334,Makkah,142487,,
942,2017,Makkah,No. of Accidents,145541,21.628962766, 41.2636898334,Najran,13825,,
943,2017,Makkah,No. of Accidents,145541,21.628962766, 41.2636898334,Al-Jouf,8091,,
944,2017,Makkah,No. of Accidents,145541,21.628962766, 41.2636898334,Madinah,36165,,
945,2017,Makkah,No. of Accidents,145541,21.628962766, 41.2636898334,Assir,39133,,
946,2017,Makkah,No. of Accidents,145541,21.628962766, 41.2636898334,Jazan,18345,,
947,2017,Makkah,No. of Accidents,145541,21.628962766, 41.2636898334,Riyadh,495307,,
948,2017,Makkah,No. of Accidents,145541,21.628962766, 41.2636898334,Al-Baha,4131,,
949,2017,Asir,No. of Casualties - Injured,2368,19.1387847401, 42.941470036,Hail,22035,17.2072313962, 42.6525807422
950,2017,Asir,No. of Casualties - Injured,2368,19.1387847401, 42.941470036,Northern Boarder,5280,23.2883307307, 50.1478302439
951,2017,Asir,No. of Casualties - Injured,2368,19.1387847401, 42.941470036,Al-Qaseem,6318,,
952,2017,Asir,No. of Casualties - Injured,2368,19.1387847401, 42.941470036,Eastern,126816,,
953,2017,Asir,No. of Casualties - Injured,2368,19.1387847401, 42.941470036,Tabouk,10232,,
954,2017,Asir,No. of Casualties - Injured,2368,19.1387847401, 42.941470036,Makkah,142487,,
955,2017,Asir,No. of Casualties - Injured,2368,19.1387847401, 42.941470036,Najran,13825,,
956,2017,Asir,No. of Casualties - Injured,2368,19.1387847401, 42.941470036,Al-Jouf,8091,,
957,2017,Asir,No. of Casualties - Injured,2368,19.1387847401, 42.941470036,Madinah,36165,,
958,2017,Asir,No. of Casualties - Injured,2368,19.1387847401, 42.941470036,Assir,39133,,
959,2017,Asir,No. of Casualties - Injured,2368,19.1387847401, 42.941470036,Jazan,18345,,
960,2017,Asir,No. of Casualties - Injured,2368,19.1387847401, 42.941470036,Riyadh,495307,,
961,2017,Asir,No. of Casualties - Injured,2368,19.1387847401, 42.941470036,Al-Baha,4131,,
962,2017,Hail,No. of Casualties - Injured,773,27.400845724, 41.4406960508,Hail,22035,17.2072313962, 42.6525807422
963,2017,Hail,No. of Casualties - Injured,773,27.400845724, 41.4406960508,Northern Boarder,5280,23.2883307307, 50.1478302439
964,2017,Hail,No. of Casualties - Injured,773,27.400845724, 41.4406960508,Al-Qaseem,6318,,
965,2017,Hail,No. of Casualties - Injured,773,27.400845724, 41.4406960508,Eastern,126816,,
966,2017,Hail,No. of Casualties - Injured,773,27.400845724, 41.4406960508,Tabouk,10232,,
967,2017,Hail,No. of Casualties - Injured,773,27.400845724, 41.4406960508,Makkah,142487,,
968,2017,Hail,No. of Casualties - Injured,773,27.400845724, 41.4406960508,Najran,13825,,
969,2017,Hail,No. of Casualties - Injured,773,27.400845724, 41.4406960508,Al-Jouf,8091,,
970,2017,Hail,No. of Casualties - Injured,773,27.400845724, 41.4406960508,Madinah,36165,,
971,2017,Hail,No. of Casualties - Injured,773,27.400845724, 41.4406960508,Assir,39133,,
972,2017,Hail,No. of Casualties - Injured,773,27.400845724, 41.4406960508,Jazan,18345,,
973,2017,Hail,No. of Casualties - Injured,773,27.400845724, 41.4406960508,Riyadh,495307,,
974,2017,Hail,No. of Casualties - Injured,773,27.400845724, 41.4406960508,Al-Baha,4131,,
975,2017,Al-Baaha,No. of Casualties - Dead,134,20.1484058503, 41.4665484892,Hail,22035,17.2072313962, 42.6525807422
976,2017,Al-Baaha,No. of Casualties - Dead,134,20.1484058503, 41.4665484892,Northern Boarder,5280,23.2883307307, 50.1478302439
977,2017,Al-Baaha,No. of Casualties - Dead,134,20.1484058503, 41.4665484892,Al-Qaseem,6318,,
978,2017,Al-Baaha,No. of Casualties - Dead,134,20.1484058503, 41.4665484892,Eastern,126816,,
979,2017,Al-Baaha,No. of Casualties - Dead,134,20.1484058503, 41.4665484892,Tabouk,10232,,
980,2017,Al-Baaha,No. of Casualties - Dead,134,20.1484058503, 41.4665484892,Makkah,142487,,
981,2017,Al-Baaha,No. of Casualties - Dead,134,20.1484058503, 41.4665484892,Najran,13825,,
982,2017,Al-Baaha,No. of Casualties - Dead,134,20.1484058503, 41.4665484892,Al-Jouf,8091,,
983,2017,Al-Baaha,No. of Casualties - Dead,134,20.1484058503, 41.4665484892,Madinah,36165,,
984,2017,Al-Baaha,No. of Casualties - Dead,134,20.1484058503, 41.4665484892,Assir,39133,,
985,2017,Al-Baaha,No. of Casualties - Dead,134,20.1484058503, 41.4665484892,Jazan,18345,,
986,2017,Al-Baaha,No. of Casualties - Dead,134,20.1484058503, 41.4665484892,Riyadh,495307,,
987,2017,Al-Baaha,No. of Casualties - Dead,134,20.1484058503, 41.4665484892,Al-Baha,4131,,
988,2017,Al-Baaha,No. of Accidents,1414,20.1484058503, 41.4665484892,Hail,22035,17.2072313962, 42.6525807422
989,2017,Al-Baaha,No. of Accidents,1414,20.1484058503, 41.4665484892,Northern Boarder,5280,23.2883307307, 50.1478302439
990,2017,Al-Baaha,No. of Accidents,1414,20.1484058503, 41.4665484892,Al-Qaseem,6318,,
991,2017,Al-Baaha,No. of Accidents,1414,20.1484058503, 41.4665484892,Eastern,126816,,
992,2017,Al-Baaha,No. of Accidents,1414,20.1484058503, 41.4665484892,Tabouk,10232,,
993,2017,Al-Baaha,No. of Accidents,1414,20.1484058503, 41.4665484892,Makkah,142487,,
994,2017,Al-Baaha,No. of Accidents,1414,20.1484058503, 41.4665484892,Najran,13825,,
995,2017,Al-Baaha,No. of Accidents,1414,20.1484058503, 41.4665484892,Al-Jouf,8091,,
996,2017,Al-Baaha,No. of Accidents,1414,20.1484058503, 41.4665484892,Madinah,36165,,
997,2017,Al-Baaha,No. of Accidents,1414,20.1484058503, 41.4665484892,Assir,39133,,
998,2017,Al-Baaha,No. of Accidents,1414,20.1484058503, 41.4665484892,Jazan,18345,,
999,2017,Al-Baaha,No. of Accidents,1414,20.1484058503, 41.4665484892,Riyadh,495307,,
1000,2017,Al-Baaha,No. of Accidents,1414,20.1484058503, 41.4665484892,Al-Baha,4131,,
1001,2017,Al-Baaha,No. of Casualties - Injured,1007,20.1484058503, 41.4665484892,Hail,22035,17.2072313962, 42.6525807422
1002,2017,Al-Baaha,No. of Casualties - Injured,1007,20.1484058503, 41.4665484892,Northern Boarder,5280,23.2883307307, 50.1478302439
1003,2017,Al-Baaha,No. of Casualties - Injured,1007,20.1484058503, 41.4665484892,Al-Qaseem,6318,,
1004,2017,Al-Baaha,No. of Casualties - Injured,1007,20.1484058503, 41.4665484892,Eastern,126816,,
1005,2017,Al-Baaha,No. of Casualties - Injured,1007,20.1484058503, 41.4665484892,Tabouk,10232,,
1006,2017,Al-Baaha,No. of Casualties - Injured,1007,20.1484058503, 41.4665484892,Makkah,142487,,
1007,2017,Al-Baaha,No. of Casualties - Injured,1007,20.1484058503, 41.4665484892,Najran,13825,,
1008,2017,Al-Baaha,No. of Casualties - Injured,1007,20.1484058503, 41.4665484892,Al-Jouf,8091,,
1009,2017,Al-Baaha,No. of Casualties - Injured,1007,20.1484058503, 41.4665484892,Madinah,36165,,
1010,2017,Al-Baaha,No. of Casualties - Injured,1007,20.1484058503, 41.4665484892,Assir,39133,,
1011,2017,Al-Baaha,No. of Casualties - Injured,1007,20.1484058503, 41.4665484892,Jazan,18345,,
1012,2017,Al-Baaha,No. of Casualties - Injured,1007,20.1484058503, 41.4665484892,Riyadh,495307,,
1013,2017,Al-Baaha,No. of Casualties - Injured,1007,20.1484058503, 41.4665484892,Al-Baha,4131,,
